sync_index,cam_id,frame_index,frame_time,object_id,keypoint_id,img_loc_x,img_loc_y,obj_loc_x,obj_loc_y,obj_loc_z
780,0,780,25.064679,0,19,340.588989,392.580902,0.068000,0.136000,0.000000
780,0,780,25.064679,0,23,451.231506,390.392670,0.204000,0.136000,0.000000
780,1,780,25.064679,0,19,1166.580200,522.179260,0.068000,0.136000,0.000000
780,1,780,25.064679,0,23,1284.633057,527.448303,0.204000,0.136000,0.000000
810,0,810,26.028705,0,18,88.413383,395.898560,0.034000,0.136000,0.000000
810,1,810,26.028705,0,18,1099.626221,549.839722,0.034000,0.136000,0.000000
815,0,815,26.189376,0,11,247.635757,320.770447,0.204000,0.068000,0.000000
815,0,815,26.189376,0,17,248.696518,356.384979,0.204000,0.102000,0.000000
815,1,815,26.189376,0,11,1288.315186,477.723816,0.204000,0.068000,0.000000
815,1,815,26.189376,0,17,1287.409790,517.195312,0.204000,0.102000,0.000000
820,0,820,26.350047,0,3,154.937988,285.924194,0.136000,0.034000,0.000000
820,0,820,26.350047,0,4,193.665314,284.676880,0.170000,0.034000,0.000000
820,0,820,26.350047,0,5,230.959518,283.213593,0.204000,0.034000,0.000000
820,0,820,26.350047,0,10,195.391235,321.669342,0.170000,0.068000,0.000000
820,0,820,26.350047,0,11,234.145950,320.236664,0.204000,0.068000,0.000000
820,0,820,26.350047,0,12,43.354542,364.590485,0.034000,0.102000,0.000000
820,0,820,26.350047,0,16,197.746201,358.879822,0.170000,0.102000,0.000000
820,0,820,26.350047,0,17,236.394302,357.331940,0.204000,0.102000,0.000000
820,0,820,26.350047,0,21,162.275543,396.692719,0.136000,0.136000,0.000000
820,0,820,26.350047,0,22,200.371399,395.296570,0.170000,0.136000,0.000000
820,0,820,26.350047,0,23,238.559982,393.139038,0.204000,0.136000,0.000000
820,1,820,26.350047,0,3,1231.778931,440.628143,0.136000,0.034000,0.000000
820,1,820,26.350047,0,4,1269.710205,441.726929,0.170000,0.034000,0.000000
820,1,820,26.350047,0,5,1306.270142,441.510040,0.204000,0.034000,0.000000
820,1,820,26.350047,0,11,1306.435303,482.238373,0.204000,0.068000,0.000000
820,1,820,26.350047,0,12,1115.504517,523.239319,0.034000,0.102000,0.000000
820,1,820,26.350047,0,16,1268.567261,523.228882,0.170000,0.102000,0.000000
820,1,820,26.350047,0,17,1305.616821,522.795288,0.204000,0.102000,0.000000
820,1,820,26.350047,0,21,1231.085938,563.877502,0.136000,0.136000,0.000000
820,1,820,26.350047,0,22,1267.770630,563.066650,0.170000,0.136000,0.000000
820,1,820,26.350047,0,23,1305.741577,563.049438,0.204000,0.136000,0.000000
835,0,835,26.832060,0,0,39.615810,266.479279,0.034000,0.034000,0.000000
835,0,835,26.832060,0,1,81.436981,265.952362,0.068000,0.034000,0.000000
835,0,835,26.832060,0,3,166.304764,264.858765,0.136000,0.034000,0.000000
835,0,835,26.832060,0,4,208.498245,264.435913,0.170000,0.034000,0.000000
835,0,835,26.832060,0,6,40.594284,307.561554,0.034000,0.068000,0.000000
835,0,835,26.832060,0,7,83.502457,306.246338,0.068000,0.068000,0.000000
835,0,835,26.832060,0,8,124.639503,305.944122,0.102000,0.068000,0.000000
835,0,835,26.832060,0,9,167.213058,306.051605,0.136000,0.068000,0.000000
835,0,835,26.832060,0,10,209.321548,304.722076,0.170000,0.068000,0.000000
835,0,835,26.832060,0,11,251.569992,304.345917,0.204000,0.068000,0.000000
835,0,835,26.832060,0,12,41.900490,348.743286,0.034000,0.102000,0.000000
835,0,835,26.832060,0,17,252.872681,344.699127,0.204000,0.102000,0.000000
835,0,835,26.832060,0,18,42.554283,389.364746,0.034000,0.136000,0.000000
835,0,835,26.832060,0,23,254.259537,385.232788,0.204000,0.136000,0.000000
835,1,835,26.832060,0,0,1222.054932,432.809387,0.034000,0.034000,0.000000
835,1,835,26.832060,0,1,1264.515747,434.097595,0.068000,0.034000,0.000000
835,1,835,26.832060,0,2,1307.508057,435.714569,0.102000,0.034000,0.000000
835,1,835,26.832060,0,3,1348.717896,437.672546,0.136000,0.034000,0.000000
835,1,835,26.832060,0,4,1390.669800,439.255066,0.170000,0.034000,0.000000
835,1,835,26.832060,0,5,1430.781250,440.188446,0.204000,0.034000,0.000000
835,1,835,26.832060,0,6,1220.366333,477.671204,0.034000,0.068000,0.000000
835,1,835,26.832060,0,7,1264.312622,479.220612,0.068000,0.068000,0.000000
835,1,835,26.832060,0,8,1305.497681,480.820862,0.102000,0.068000,0.000000
835,1,835,26.832060,0,9,1348.161133,482.452820,0.136000,0.068000,0.000000
835,1,835,26.832060,0,10,1389.409546,483.919952,0.170000,0.068000,0.000000
835,1,835,26.832060,0,11,1430.990845,484.765991,0.204000,0.068000,0.000000
835,1,835,26.832060,0,12,1219.486450,524.122864,0.034000,0.102000,0.000000
835,1,835,26.832060,0,17,1429.029297,529.839111,0.204000,0.102000,0.000000
835,1,835,26.832060,0,18,1217.643799,569.340027,0.034000,0.136000,0.000000
835,1,835,26.832060,0,23,1428.577271,573.946167,0.204000,0.136000,0.000000
840,0,840,26.992731,0,0,41.384735,267.917786,0.034000,0.034000,0.000000
840,0,840,26.992731,0,1,83.973015,266.550018,0.068000,0.034000,0.000000
840,0,840,26.992731,0,2,127.479912,266.381042,0.102000,0.034000,0.000000
840,0,840,26.992731,0,3,169.760895,265.713898,0.136000,0.034000,0.000000
840,0,840,26.992731,0,4,212.994431,265.083038,0.170000,0.034000,0.000000
840,0,840,26.992731,0,5,254.224319,264.519104,0.204000,0.034000,0.000000
840,0,840,26.992731,0,6,41.710495,308.119263,0.034000,0.068000,0.000000
840,0,840,26.992731,0,7,86.715935,307.759918,0.068000,0.068000,0.000000
840,0,840,26.992731,0,8,128.371063,306.994324,0.102000,0.068000,0.000000
840,0,840,26.992731,0,9,172.499252,306.478607,0.136000,0.068000,0.000000
840,0,840,26.992731,0,10,213.405441,305.501709,0.170000,0.068000,0.000000
840,0,840,26.992731,0,11,256.375610,305.251129,0.204000,0.068000,0.000000
840,0,840,26.992731,0,12,44.839745,350.648407,0.034000,0.102000,0.000000
840,0,840,26.992731,0,13,87.664101,349.734863,0.068000,0.102000,0.000000
840,0,840,26.992731,0,14,130.572693,348.959381,0.102000,0.102000,0.000000
840,0,840,26.992731,0,15,173.550690,347.813751,0.136000,0.102000,0.000000
840,0,840,26.992731,0,16,215.904266,347.362457,0.170000,0.102000,0.000000
840,0,840,26.992731,0,17,258.008911,345.994781,0.204000,0.102000,0.000000
840,0,840,26.992731,0,18,46.721840,392.020630,0.034000,0.136000,0.000000
840,0,840,26.992731,0,19,90.253838,390.468994,0.068000,0.136000,0.000000
840,0,840,26.992731,0,20,132.411697,389.487793,0.102000,0.136000,0.000000
840,0,840,26.992731,0,21,175.814316,388.377655,0.136000,0.136000,0.000000
840,0,840,26.992731,0,22,217.598053,387.431702,0.170000,0.136000,0.000000
840,0,840,26.992731,0,23,259.500397,386.406097,0.204000,0.136000,0.000000
840,1,840,26.992731,0,0,1233.957275,436.004364,0.034000,0.034000,0.000000
840,1,840,26.992731,0,1,1276.396362,437.539551,0.068000,0.034000,0.000000
840,1,840,26.992731,0,2,1318.443359,439.300140,0.102000,0.034000,0.000000
840,1,840,26.992731,0,3,1360.414795,440.433746,0.136000,0.034000,0.000000
840,1,840,26.992731,0,4,1401.365723,442.457825,0.170000,0.034000,0.000000
840,1,840,26.992731,0,5,1442.518433,443.231506,0.204000,0.034000,0.000000
840,1,840,26.992731,0,6,1232.490601,482.041321,0.034000,0.068000,0.000000
840,1,840,26.992731,0,7,1275.404419,483.318237,0.068000,0.068000,0.000000
840,1,840,26.992731,0,8,1317.436035,484.328918,0.102000,0.068000,0.000000
840,1,840,26.992731,0,9,1359.559082,485.493896,0.136000,0.068000,0.000000
840,1,840,26.992731,0,10,1400.063721,485.996796,0.170000,0.068000,0.000000
840,1,840,26.992731,0,11,1441.590820,487.669891,0.204000,0.068000,0.000000
840,1,840,26.992731,0,12,1231.010010,528.197449,0.034000,0.102000,0.000000
840,1,840,26.992731,0,13,1273.704346,529.060059,0.068000,0.102000,0.000000
840,1,840,26.992731,0,14,1315.700806,530.275879,0.102000,0.102000,0.000000
840,1,840,26.992731,0,15,1358.130127,530.800842,0.136000,0.102000,0.000000
840,1,840,26.992731,0,16,1398.954956,532.336548,0.170000,0.102000,0.000000
840,1,840,26.992731,0,17,1440.257690,532.881348,0.204000,0.102000,0.000000
840,1,840,26.992731,0,18,1229.612915,574.177307,0.034000,0.136000,0.000000
840,1,840,26.992731,0,19,1272.583618,574.531921,0.068000,0.136000,0.000000
840,1,840,26.992731,0,20,1314.411133,574.744080,0.102000,0.136000,0.000000
840,1,840,26.992731,0,21,1356.506226,576.461609,0.136000,0.136000,0.000000
840,1,840,26.992731,0,22,1398.018921,576.937988,0.170000,0.136000,0.000000
840,1,840,26.992731,0,23,1438.757935,577.443726,0.204000,0.136000,0.000000
845,0,845,27.153402,0,4,209.543610,266.260834,0.170000,0.034000,0.000000
845,0,845,27.153402,0,5,251.418167,265.962494,0.204000,0.034000,0.000000
845,0,845,27.153402,0,9,168.502991,307.671173,0.136000,0.068000,0.000000
845,0,845,27.153402,0,15,170.093369,348.447632,0.136000,0.102000,0.000000
845,0,845,27.153402,0,18,41.593761,391.648163,0.034000,0.136000,0.000000
845,0,845,27.153402,0,21,171.195648,389.800964,0.136000,0.136000,0.000000
845,0,845,27.153402,0,22,213.835815,387.936371,0.170000,0.136000,0.000000
845,0,845,27.153402,0,23,255.817749,387.426758,0.204000,0.136000,0.000000
845,1,845,27.153402,0,4,1396.467896,442.118378,0.170000,0.034000,0.000000
845,1,845,27.153402,0,5,1436.392456,443.968201,0.204000,0.034000,0.000000
845,1,845,27.153402,0,9,1354.066162,486.281586,0.136000,0.068000,0.000000
845,1,845,27.153402,0,15,1352.625977,531.040161,0.136000,0.102000,0.000000
845,1,845,27.153402,0,18,1226.048828,574.708740,0.034000,0.136000,0.000000
845,1,845,27.153402,0,21,1351.420044,576.477844,0.136000,0.136000,0.000000
845,1,845,27.153402,0,22,1392.089478,577.352844,0.170000,0.136000,0.000000
845,1,845,27.153402,0,23,1432.340820,577.623535,0.204000,0.136000,0.000000
850,0,850,27.314073,0,1,79.207138,272.023254,0.068000,0.034000,0.000000
850,0,850,27.314073,0,2,122.400703,271.777466,0.102000,0.034000,0.000000
850,0,850,27.314073,0,3,165.264313,271.411774,0.136000,0.034000,0.000000
850,0,850,27.314073,0,4,206.923828,271.588104,0.170000,0.034000,0.000000
850,0,850,27.314073,0,5,249.458160,270.384796,0.204000,0.034000,0.000000
850,0,850,27.314073,0,7,81.069260,312.838928,0.068000,0.068000,0.000000
850,0,850,27.314073,0,8,124.007965,312.432648,0.102000,0.068000,0.000000
850,0,850,27.314073,0,9,167.484314,311.518158,0.136000,0.068000,0.000000
850,0,850,27.314073,0,10,209.260818,311.313232,0.170000,0.068000,0.000000
850,0,850,27.314073,0,11,251.230331,310.387756,0.204000,0.068000,0.000000
850,0,850,27.314073,0,12,39.406265,355.029785,0.034000,0.102000,0.000000
850,0,850,27.314073,0,13,82.351830,353.804840,0.068000,0.102000,0.000000
850,0,850,27.314073,0,14,126.252182,352.739349,0.102000,0.102000,0.000000
850,0,850,27.314073,0,15,168.209244,352.455444,0.136000,0.102000,0.000000
850,0,850,27.314073,0,16,210.964722,351.633423,0.170000,0.102000,0.000000
850,0,850,27.314073,0,17,252.460526,350.739044,0.204000,0.102000,0.000000
850,0,850,27.314073,0,20,126.773048,393.360565,0.102000,0.136000,0.000000
850,0,850,27.314073,0,21,170.643509,392.619202,0.136000,0.136000,0.000000
850,0,850,27.314073,0,22,211.921783,391.428375,0.170000,0.136000,0.000000
850,0,850,27.314073,0,23,254.399490,390.543213,0.204000,0.136000,0.000000
850,1,850,27.314073,0,1,1260.530151,440.722290,0.068000,0.034000,0.000000
850,1,850,27.314073,0,2,1301.064087,442.736542,0.102000,0.034000,0.000000
850,1,850,27.314073,0,3,1341.488403,443.606598,0.136000,0.034000,0.000000
850,1,850,27.314073,0,4,1380.967896,445.683716,0.170000,0.034000,0.000000
850,1,850,27.314073,0,5,1420.264038,446.248840,0.204000,0.034000,0.000000
850,1,850,27.314073,0,7,1259.669922,486.080566,0.068000,0.068000,0.000000
850,1,850,27.314073,0,8,1300.370117,487.152191,0.102000,0.068000,0.000000
850,1,850,27.314073,0,9,1340.518066,488.480865,0.136000,0.068000,0.000000
850,1,850,27.314073,0,10,1380.535889,489.552246,0.170000,0.068000,0.000000
850,1,850,27.314073,0,11,1419.849854,490.169495,0.204000,0.068000,0.000000
850,1,850,27.314073,0,12,1216.707886,531.072266,0.034000,0.102000,0.000000
850,1,850,27.314073,0,13,1258.317505,531.311035,0.068000,0.102000,0.000000
850,1,850,27.314073,0,14,1299.394775,531.763672,0.102000,0.102000,0.000000
850,1,850,27.314073,0,15,1340.085938,533.263794,0.136000,0.102000,0.000000
850,1,850,27.314073,0,16,1379.228394,534.326538,0.170000,0.102000,0.000000
850,1,850,27.314073,0,17,1418.174561,534.563049,0.204000,0.102000,0.000000
850,1,850,27.314073,0,20,1297.538208,576.456543,0.102000,0.136000,0.000000
850,1,850,27.314073,0,21,1338.772827,577.740967,0.136000,0.136000,0.000000
850,1,850,27.314073,0,22,1378.042114,578.129822,0.170000,0.136000,0.000000
850,1,850,27.314073,0,23,1417.624634,578.536621,0.204000,0.136000,0.000000
855,0,855,27.474744,0,0,38.888592,282.402802,0.034000,0.034000,0.000000
855,0,855,27.474744,0,1,81.514282,281.325836,0.068000,0.034000,0.000000
855,0,855,27.474744,0,2,124.296150,280.339172,0.102000,0.034000,0.000000
855,0,855,27.474744,0,3,167.199768,279.647491,0.136000,0.034000,0.000000
855,0,855,27.474744,0,4,208.518951,279.048645,0.170000,0.034000,0.000000
855,0,855,27.474744,0,5,249.888199,277.105865,0.204000,0.034000,0.000000
855,0,855,27.474744,0,6,40.914589,323.372375,0.034000,0.068000,0.000000
855,0,855,27.474744,0,7,84.854286,321.337250,0.068000,0.068000,0.000000
855,0,855,27.474744,0,8,126.896324,321.119019,0.102000,0.068000,0.000000
855,0,855,27.474744,0,9,169.608856,319.336700,0.136000,0.068000,0.000000
855,0,855,27.474744,0,10,210.647629,317.955536,0.170000,0.068000,0.000000
855,0,855,27.474744,0,11,252.573624,317.402100,0.204000,0.068000,0.000000
855,0,855,27.474744,0,12,43.603115,364.201141,0.034000,0.102000,0.000000
855,0,855,27.474744,0,13,86.325569,362.238373,0.068000,0.102000,0.000000
855,0,855,27.474744,0,15,171.402618,359.531281,0.136000,0.102000,0.000000
855,0,855,27.474744,0,16,213.668472,358.469849,0.170000,0.102000,0.000000
855,0,855,27.474744,0,18,44.485531,403.335541,0.034000,0.136000,0.000000
855,0,855,27.474744,0,19,88.728966,403.177185,0.068000,0.136000,0.000000
855,0,855,27.474744,0,20,131.404907,401.102875,0.102000,0.136000,0.000000
855,0,855,27.474744,0,21,174.165543,399.557587,0.136000,0.136000,0.000000
855,0,855,27.474744,0,22,215.364548,397.590698,0.170000,0.136000,0.000000
855,1,855,27.474744,0,0,1210.632446,448.945801,0.034000,0.034000,0.000000
855,1,855,27.474744,0,1,1251.052490,449.655945,0.068000,0.034000,0.000000
855,1,855,27.474744,0,2,1291.167480,450.331818,0.102000,0.034000,0.000000
855,1,855,27.474744,0,3,1330.928345,451.011871,0.136000,0.034000,0.000000
855,1,855,27.474744,0,4,1369.098267,452.372101,0.170000,0.034000,0.000000
855,1,855,27.474744,0,5,1407.558350,452.159241,0.204000,0.034000,0.000000
855,1,855,27.474744,0,6,1209.878540,493.766449,0.034000,0.068000,0.000000
855,1,855,27.474744,0,7,1250.300537,493.879364,0.068000,0.068000,0.000000
855,1,855,27.474744,0,8,1290.432373,494.373016,0.102000,0.068000,0.000000
855,1,855,27.474744,0,9,1330.223145,494.724548,0.136000,0.068000,0.000000
855,1,855,27.474744,0,10,1368.907593,495.467987,0.170000,0.068000,0.000000
855,1,855,27.474744,0,11,1406.767212,495.829865,0.204000,0.068000,0.000000
855,1,855,27.474744,0,12,1208.811401,538.303467,0.034000,0.102000,0.000000
855,1,855,27.474744,0,13,1249.650269,538.696655,0.068000,0.102000,0.000000
855,1,855,27.474744,0,15,1328.875977,539.043335,0.136000,0.102000,0.000000
855,1,855,27.474744,0,16,1367.870850,538.915771,0.170000,0.102000,0.000000
855,1,855,27.474744,0,18,1207.569214,583.306641,0.034000,0.136000,0.000000
855,1,855,27.474744,0,20,1288.161499,582.753906,0.102000,0.136000,0.000000
855,1,855,27.474744,0,21,1327.665405,582.886719,0.136000,0.136000,0.000000
855,1,855,27.474744,0,22,1366.495239,582.298889,0.170000,0.136000,0.000000
860,0,860,27.635415,0,2,140.522095,278.372223,0.102000,0.034000,0.000000
860,0,860,27.635415,0,3,182.253418,277.743561,0.136000,0.034000,0.000000
860,0,860,27.635415,0,4,224.092804,277.264771,0.170000,0.034000,0.000000
860,0,860,27.635415,0,5,264.120941,275.690308,0.204000,0.034000,0.000000
860,0,860,27.635415,0,8,142.403748,318.233063,0.102000,0.068000,0.000000
860,0,860,27.635415,0,9,185.237213,316.829559,0.136000,0.068000,0.000000
860,0,860,27.635415,0,10,225.838013,316.492828,0.170000,0.068000,0.000000
860,0,860,27.635415,0,11,268.287323,314.632477,0.204000,0.068000,0.000000
860,0,860,27.635415,0,14,145.431686,357.667938,0.102000,0.102000,0.000000
860,0,860,27.635415,0,15,186.801178,357.256531,0.136000,0.102000,0.000000
860,0,860,27.635415,0,16,228.567963,355.837158,0.170000,0.102000,0.000000
860,0,860,27.635415,0,17,268.816254,354.774078,0.204000,0.102000,0.000000
860,0,860,27.635415,0,18,61.336933,400.158600,0.034000,0.136000,0.000000
860,0,860,27.635415,0,19,104.853989,399.276855,0.068000,0.136000,0.000000
860,0,860,27.635415,0,20,147.114365,397.795685,0.102000,0.136000,0.000000
860,0,860,27.635415,0,21,188.939590,396.739197,0.136000,0.136000,0.000000
860,0,860,27.635415,0,22,230.464478,395.527802,0.170000,0.136000,0.000000
860,0,860,27.635415,0,23,271.430695,393.542633,0.204000,0.136000,0.000000
860,1,860,27.635415,0,2,1297.709351,446.411011,0.102000,0.034000,0.000000
860,1,860,27.635415,0,3,1335.571777,448.003296,0.136000,0.034000,0.000000
860,1,860,27.635415,0,4,1373.970947,448.567200,0.170000,0.034000,0.000000
860,1,860,27.635415,0,8,1296.518433,490.634521,0.102000,0.068000,0.000000
860,1,860,27.635415,0,9,1335.366333,491.064148,0.136000,0.068000,0.000000
860,1,860,27.635415,0,10,1373.232300,492.242218,0.170000,0.068000,0.000000
860,1,860,27.635415,0,11,1410.681274,492.384003,0.204000,0.068000,0.000000
860,1,860,27.635415,0,14,1295.276611,535.033691,0.102000,0.102000,0.000000
860,1,860,27.635415,0,15,1334.623535,535.268433,0.136000,0.102000,0.000000
860,1,860,27.635415,0,16,1372.488647,534.908081,0.170000,0.102000,0.000000
860,1,860,27.635415,0,17,1409.986206,536.294495,0.204000,0.102000,0.000000
860,1,860,27.635415,0,18,1215.237061,578.461975,0.034000,0.136000,0.000000
860,1,860,27.635415,0,19,1255.294678,578.573914,0.068000,0.136000,0.000000
860,1,860,27.635415,0,20,1294.498291,578.444641,0.102000,0.136000,0.000000
860,1,860,27.635415,0,21,1333.448975,578.768799,0.136000,0.136000,0.000000
860,1,860,27.635415,0,22,1370.118774,577.390259,0.170000,0.136000,0.000000
860,1,860,27.635415,0,23,1409.866211,577.607910,0.204000,0.136000,0.000000
865,0,865,27.796086,0,2,165.659836,278.469421,0.102000,0.034000,0.000000
865,0,865,27.796086,0,3,207.378632,277.646393,0.136000,0.034000,0.000000
865,0,865,27.796086,0,4,249.344894,276.627533,0.170000,0.034000,0.000000
865,0,865,27.796086,0,5,288.567200,276.396210,0.204000,0.034000,0.000000
865,0,865,27.796086,0,8,168.279556,318.058258,0.102000,0.068000,0.000000
865,0,865,27.796086,0,9,210.170593,316.582214,0.136000,0.068000,0.000000
865,0,865,27.796086,0,10,249.920715,315.943085,0.170000,0.068000,0.000000
865,0,865,27.796086,0,11,290.833954,315.550415,0.204000,0.068000,0.000000
865,0,865,27.796086,0,15,211.824875,356.613190,0.136000,0.102000,0.000000
865,0,865,27.796086,0,16,252.807755,355.590729,0.170000,0.102000,0.000000
865,0,865,27.796086,0,17,293.330780,354.452698,0.204000,0.102000,0.000000
865,0,865,27.796086,0,21,213.928940,395.514313,0.136000,0.136000,0.000000
865,0,865,27.796086,0,22,254.468918,394.096558,0.170000,0.136000,0.000000
865,0,865,27.796086,0,23,294.809906,393.327332,0.204000,0.136000,0.000000
865,1,865,27.796086,0,2,1317.388062,446.518127,0.102000,0.034000,0.000000
865,1,865,27.796086,0,3,1354.908203,448.283508,0.136000,0.034000,0.000000
865,1,865,27.796086,0,4,1392.686401,448.853424,0.170000,0.034000,0.000000
865,1,865,27.796086,0,5,1428.841064,449.546936,0.204000,0.034000,0.000000
865,1,865,27.796086,0,8,1316.830566,490.734619,0.102000,0.068000,0.000000
865,1,865,27.796086,0,9,1354.633911,491.344910,0.136000,0.068000,0.000000
865,1,865,27.796086,0,10,1392.913330,492.502289,0.170000,0.068000,0.000000
865,1,865,27.796086,0,11,1429.168579,492.608093,0.204000,0.068000,0.000000
865,1,865,27.796086,0,15,1354.056885,534.723755,0.136000,0.102000,0.000000
865,1,865,27.796086,0,16,1391.642456,534.739319,0.170000,0.102000,0.000000
865,1,865,27.796086,0,17,1428.149902,534.852417,0.204000,0.102000,0.000000
865,1,865,27.796086,0,21,1353.611572,578.045593,0.136000,0.136000,0.000000
865,1,865,27.796086,0,22,1390.460083,577.468994,0.170000,0.136000,0.000000
865,1,865,27.796086,0,23,1428.442749,577.741821,0.204000,0.136000,0.000000
880,0,880,28.278099,0,2,284.424835,275.369568,0.102000,0.034000,0.000000
880,0,880,28.278099,0,3,323.880951,276.089813,0.136000,0.034000,0.000000
880,0,880,28.278099,0,4,363.372314,276.281372,0.170000,0.034000,0.000000
880,0,880,28.278099,0,5,401.351685,275.824066,0.204000,0.034000,0.000000
880,0,880,28.278099,0,6,204.697495,314.566406,0.034000,0.068000,0.000000
880,0,880,28.278099,0,7,245.383713,313.436066,0.068000,0.068000,0.000000
880,0,880,28.278099,0,8,284.627563,314.510162,0.102000,0.068000,0.000000
880,0,880,28.278099,0,9,324.628906,314.361084,0.136000,0.068000,0.000000
880,0,880,28.278099,0,10,363.396027,314.261566,0.170000,0.068000,0.000000
880,0,880,28.278099,0,11,403.295959,314.605957,0.204000,0.068000,0.000000
880,0,880,28.278099,0,12,203.711899,353.541290,0.034000,0.102000,0.000000
880,0,880,28.278099,0,13,245.440262,353.254547,0.068000,0.102000,0.000000
880,0,880,28.278099,0,14,285.326294,353.151031,0.102000,0.102000,0.000000
880,0,880,28.278099,0,15,325.139191,353.447998,0.136000,0.102000,0.000000
880,0,880,28.278099,0,16,364.188263,353.418640,0.170000,0.102000,0.000000
880,0,880,28.278099,0,18,204.565109,391.485260,0.034000,0.136000,0.000000
880,0,880,28.278099,0,19,245.196152,392.508881,0.068000,0.136000,0.000000
880,0,880,28.278099,0,20,284.992981,391.270386,0.102000,0.136000,0.000000
880,0,880,28.278099,0,21,325.489197,391.519714,0.136000,0.136000,0.000000
880,0,880,28.278099,0,22,363.729828,390.786163,0.170000,0.136000,0.000000
880,1,880,28.278099,0,2,1423.056152,447.896759,0.102000,0.034000,0.000000
880,1,880,28.278099,0,3,1461.007080,450.254089,0.136000,0.034000,0.000000
880,1,880,28.278099,0,4,1499.884521,452.483582,0.170000,0.034000,0.000000
880,1,880,28.278099,0,5,1535.881104,455.142273,0.204000,0.034000,0.000000
880,1,880,28.278099,0,6,1343.909424,486.842377,0.034000,0.068000,0.000000
880,1,880,28.278099,0,7,1382.763916,488.597198,0.068000,0.068000,0.000000
880,1,880,28.278099,0,8,1421.688354,490.516144,0.102000,0.068000,0.000000
880,1,880,28.278099,0,9,1460.430908,492.825195,0.136000,0.068000,0.000000
880,1,880,28.278099,0,10,1497.560059,494.070618,0.170000,0.068000,0.000000
880,1,880,28.278099,0,11,1535.307983,497.053589,0.204000,0.068000,0.000000
880,1,880,28.278099,0,12,1342.346924,529.584229,0.034000,0.102000,0.000000
880,1,880,28.278099,0,13,1381.346680,531.449158,0.068000,0.102000,0.000000
880,1,880,28.278099,0,14,1420.339966,533.640076,0.102000,0.102000,0.000000
880,1,880,28.278099,0,15,1458.820068,535.369019,0.136000,0.102000,0.000000
880,1,880,28.278099,0,16,1496.958008,537.472534,0.170000,0.102000,0.000000
880,1,880,28.278099,0,18,1340.444702,572.216858,0.034000,0.136000,0.000000
880,1,880,28.278099,0,19,1380.431763,574.275818,0.068000,0.136000,0.000000
880,1,880,28.278099,0,20,1419.286987,576.665527,0.102000,0.136000,0.000000
880,1,880,28.278099,0,21,1457.597168,578.349243,0.136000,0.136000,0.000000
880,1,880,28.278099,0,22,1495.012695,579.407715,0.170000,0.136000,0.000000
965,0,965,31.009507,0,0,281.479370,297.369263,0.034000,0.034000,0.000000
965,0,965,31.009507,0,1,317.881073,293.217285,0.068000,0.034000,0.000000
965,0,965,31.009507,0,2,353.597229,290.300720,0.102000,0.034000,0.000000
965,0,965,31.009507,0,3,389.964752,285.603241,0.136000,0.034000,0.000000
965,0,965,31.009507,0,4,427.267517,282.078766,0.170000,0.034000,0.000000
965,0,965,31.009507,0,5,463.596924,278.233612,0.204000,0.034000,0.000000
965,0,965,31.009507,0,6,284.580750,333.925873,0.034000,0.068000,0.000000
965,0,965,31.009507,0,7,320.820953,331.002502,0.068000,0.068000,0.000000
965,0,965,31.009507,0,8,357.476837,327.769867,0.102000,0.068000,0.000000
965,0,965,31.009507,0,9,392.748718,324.406067,0.136000,0.068000,0.000000
965,0,965,31.009507,0,10,429.616364,320.118622,0.170000,0.068000,0.000000
965,0,965,31.009507,0,11,467.525757,316.254303,0.204000,0.068000,0.000000
965,0,965,31.009507,0,12,287.415649,372.740326,0.034000,0.102000,0.000000
965,0,965,31.009507,0,13,323.803284,368.736237,0.068000,0.102000,0.000000
965,0,965,31.009507,0,15,396.441620,362.148926,0.136000,0.102000,0.000000
965,0,965,31.009507,0,16,432.821228,358.858582,0.170000,0.102000,0.000000
965,0,965,31.009507,0,17,469.752655,355.354858,0.204000,0.102000,0.000000
965,0,965,31.009507,0,20,362.217224,402.463654,0.102000,0.136000,0.000000
965,0,965,31.009507,0,21,398.834991,400.322906,0.136000,0.136000,0.000000
965,0,965,31.009507,0,22,436.201324,396.854187,0.170000,0.136000,0.000000
965,0,965,31.009507,0,23,472.660492,394.148865,0.204000,0.136000,0.000000
965,1,965,31.009507,0,0,1391.416382,466.190552,0.034000,0.034000,0.000000
965,1,965,31.009507,0,1,1434.280273,464.758820,0.068000,0.034000,0.000000
965,1,965,31.009507,0,2,1476.915771,464.275055,0.102000,0.034000,0.000000
965,1,965,31.009507,0,3,1519.419189,463.703857,0.136000,0.034000,0.000000
965,1,965,31.009507,0,4,1562.280273,462.885590,0.170000,0.034000,0.000000
965,1,965,31.009507,0,5,1604.196167,462.147400,0.204000,0.034000,0.000000
965,1,965,31.009507,0,6,1393.125122,507.667389,0.034000,0.068000,0.000000
965,1,965,31.009507,0,7,1436.004761,506.266296,0.068000,0.068000,0.000000
965,1,965,31.009507,0,8,1477.934692,505.990204,0.102000,0.068000,0.000000
965,1,965,31.009507,0,9,1520.521606,505.576691,0.136000,0.068000,0.000000
965,1,965,31.009507,0,10,1562.582153,504.298492,0.170000,0.068000,0.000000
965,1,965,31.009507,0,11,1605.468384,503.800171,0.204000,0.068000,0.000000
965,1,965,31.009507,0,12,1394.315552,548.854797,0.034000,0.102000,0.000000
965,1,965,31.009507,0,13,1436.357666,548.689270,0.068000,0.102000,0.000000
965,1,965,31.009507,0,15,1522.130249,547.510559,0.136000,0.102000,0.000000
965,1,965,31.009507,0,16,1564.208496,546.958008,0.170000,0.102000,0.000000
965,1,965,31.009507,0,17,1606.825317,546.035217,0.204000,0.102000,0.000000
965,1,965,31.009507,0,20,1479.756836,589.560059,0.102000,0.136000,0.000000
965,1,965,31.009507,0,21,1523.184082,589.308289,0.136000,0.136000,0.000000
965,1,965,31.009507,0,22,1564.434814,588.269958,0.170000,0.136000,0.000000
965,1,965,31.009507,0,23,1607.581177,588.013855,0.204000,0.136000,0.000000
970,0,970,31.170178,0,2,365.523682,289.472382,0.102000,0.034000,0.000000
970,0,970,31.170178,0,5,475.798798,281.465820,0.204000,0.034000,0.000000
970,0,970,31.170178,0,6,294.352295,332.622131,0.034000,0.068000,0.000000
970,0,970,31.170178,0,7,331.170715,329.568604,0.068000,0.068000,0.000000
970,0,970,31.170178,0,8,367.390137,327.612335,0.102000,0.068000,0.000000
970,0,970,31.170178,0,11,478.144592,319.378235,0.204000,0.068000,0.000000
970,0,970,31.170178,0,15,405.883820,363.309509,0.136000,0.102000,0.000000
970,0,970,31.170178,0,16,443.048645,360.742432,0.170000,0.102000,0.000000
970,0,970,31.170178,0,17,479.980255,358.553162,0.204000,0.102000,0.000000
970,0,970,31.170178,0,18,298.606201,408.068512,0.034000,0.136000,0.000000
970,0,970,31.170178,0,21,408.297424,401.417114,0.136000,0.136000,0.000000
970,1,970,31.170178,0,2,1488.181152,465.741211,0.102000,0.034000,0.000000
970,1,970,31.170178,0,5,1614.621338,466.741852,0.204000,0.034000,0.000000
970,1,970,31.170178,0,6,1404.589722,506.550934,0.034000,0.068000,0.000000
970,1,970,31.170178,0,7,1446.644287,506.275116,0.068000,0.068000,0.000000
970,1,970,31.170178,0,8,1488.612183,507.201019,0.102000,0.068000,0.000000
970,1,970,31.170178,0,11,1614.906372,507.852661,0.204000,0.068000,0.000000
970,1,970,31.170178,0,12,1404.142090,547.978821,0.034000,0.102000,0.000000
970,1,970,31.170178,0,15,1530.460205,548.825012,0.136000,0.102000,0.000000
970,1,970,31.170178,0,16,1572.917358,550.000977,0.170000,0.102000,0.000000
970,1,970,31.170178,0,17,1614.952637,550.258911,0.204000,0.102000,0.000000
970,1,970,31.170178,0,18,1404.273438,589.331726,0.034000,0.136000,0.000000
970,1,970,31.170178,0,21,1531.226562,590.648132,0.136000,0.136000,0.000000
975,0,975,31.330849,0,0,306.652649,296.549103,0.034000,0.034000,0.000000
975,0,975,31.330849,0,1,343.773743,294.305237,0.068000,0.034000,0.000000
975,0,975,31.330849,0,2,381.110382,292.416687,0.102000,0.034000,0.000000
975,0,975,31.330849,0,3,417.845276,290.804901,0.136000,0.034000,0.000000
975,0,975,31.330849,0,4,454.585144,290.069366,0.170000,0.034000,0.000000
975,0,975,31.330849,0,5,492.127563,287.420258,0.204000,0.034000,0.000000
975,0,975,31.330849,0,6,309.099518,333.775665,0.034000,0.068000,0.000000
975,0,975,31.330849,0,7,345.528778,331.645477,0.068000,0.068000,0.000000
975,0,975,31.330849,0,8,381.793610,330.603027,0.102000,0.068000,0.000000
975,0,975,31.330849,0,10,456.303406,327.883392,0.170000,0.068000,0.000000
975,0,975,31.330849,0,11,493.548462,325.912506,0.204000,0.068000,0.000000
975,0,975,31.330849,0,13,346.485931,370.424347,0.068000,0.102000,0.000000
975,0,975,31.330849,0,14,383.510712,368.734772,0.102000,0.102000,0.000000
975,0,975,31.330849,0,15,420.224823,367.549774,0.136000,0.102000,0.000000
975,0,975,31.330849,0,16,457.328217,366.437469,0.170000,0.102000,0.000000
975,0,975,31.330849,0,17,494.579895,364.797760,0.204000,0.102000,0.000000
975,0,975,31.330849,0,18,311.355316,409.361176,0.034000,0.136000,0.000000
975,0,975,31.330849,0,19,348.239166,408.158356,0.068000,0.136000,0.000000
975,0,975,31.330849,0,20,384.402222,406.612946,0.102000,0.136000,0.000000
975,0,975,31.330849,0,21,421.377563,405.707367,0.136000,0.136000,0.000000
975,0,975,31.330849,0,22,458.429688,404.507446,0.170000,0.136000,0.000000
975,0,975,31.330849,0,23,495.615295,403.391205,0.204000,0.136000,0.000000
975,1,975,31.330849,0,0,1415.741943,466.941986,0.034000,0.034000,0.000000
975,1,975,31.330849,0,1,1458.539429,467.782379,0.068000,0.034000,0.000000
975,1,975,31.330849,0,2,1499.424316,469.520935,0.102000,0.034000,0.000000
975,1,975,31.330849,0,3,1541.665039,470.454773,0.136000,0.034000,0.000000
975,1,975,31.330849,0,4,1583.559082,471.489014,0.170000,0.034000,0.000000
975,1,975,31.330849,0,5,1624.122437,471.663635,0.204000,0.034000,0.000000
975,1,975,31.330849,0,6,1415.372192,507.326965,0.034000,0.068000,0.000000
975,1,975,31.330849,0,7,1457.650879,508.477966,0.068000,0.068000,0.000000
975,1,975,31.330849,0,8,1499.199707,509.994965,0.102000,0.068000,0.000000
975,1,975,31.330849,0,10,1582.736816,512.937439,0.170000,0.068000,0.000000
975,1,975,31.330849,0,11,1623.992798,514.123169,0.204000,0.068000,0.000000
975,1,975,31.330849,0,13,1456.328247,550.314514,0.068000,0.102000,0.000000
975,1,975,31.330849,0,14,1498.527100,551.348145,0.102000,0.102000,0.000000
975,1,975,31.330849,0,15,1540.226440,553.250610,0.136000,0.102000,0.000000
975,1,975,31.330849,0,16,1581.442993,554.769104,0.170000,0.102000,0.000000
975,1,975,31.330849,0,17,1623.454468,555.861572,0.204000,0.102000,0.000000
975,1,975,31.330849,0,18,1413.470825,590.120483,0.034000,0.136000,0.000000
975,1,975,31.330849,0,19,1455.426025,591.499512,0.068000,0.136000,0.000000
975,1,975,31.330849,0,20,1496.307617,592.480835,0.102000,0.136000,0.000000
975,1,975,31.330849,0,21,1539.036499,594.762878,0.136000,0.136000,0.000000
975,1,975,31.330849,0,22,1580.402100,595.905823,0.170000,0.136000,0.000000
975,1,975,31.330849,0,23,1622.979370,596.748413,0.204000,0.136000,0.000000
980,0,980,31.491520,0,1,354.485443,299.660797,0.068000,0.034000,0.000000
980,0,980,31.491520,0,2,391.309753,298.464478,0.102000,0.034000,0.000000
980,0,980,31.491520,0,3,427.873383,296.585052,0.136000,0.034000,0.000000
980,0,980,31.491520,0,4,465.381287,295.615601,0.170000,0.034000,0.000000
980,0,980,31.491520,0,5,502.767822,293.848907,0.204000,0.034000,0.000000
980,0,980,31.491520,0,7,355.552521,337.383942,0.068000,0.068000,0.000000
980,0,980,31.491520,0,8,392.708618,336.960876,0.102000,0.068000,0.000000
980,0,980,31.491520,0,9,429.555298,335.173492,0.136000,0.068000,0.000000
980,0,980,31.491520,0,10,466.198914,333.621918,0.170000,0.068000,0.000000
980,0,980,31.491520,0,11,504.368958,332.174835,0.204000,0.068000,0.000000
980,0,980,31.491520,0,12,319.180206,377.686859,0.034000,0.102000,0.000000
980,0,980,31.491520,0,13,356.313507,375.311951,0.068000,0.102000,0.000000
980,0,980,31.491520,0,14,393.750977,374.178955,0.102000,0.102000,0.000000
980,0,980,31.491520,0,15,430.284393,373.532410,0.136000,0.102000,0.000000
980,0,980,31.491520,0,16,467.534637,372.518616,0.170000,0.102000,0.000000
980,0,980,31.491520,0,17,505.245026,371.708008,0.204000,0.102000,0.000000
980,0,980,31.491520,0,18,320.588440,413.644592,0.034000,0.136000,0.000000
980,0,980,31.491520,0,19,357.654083,413.663757,0.068000,0.136000,0.000000
980,0,980,31.491520,0,20,393.889679,412.505432,0.102000,0.136000,0.000000
980,0,980,31.491520,0,21,431.569916,411.708832,0.136000,0.136000,0.000000
980,0,980,31.491520,0,22,468.070251,410.495544,0.170000,0.136000,0.000000
980,0,980,31.491520,0,23,505.674072,410.263947,0.204000,0.136000,0.000000
980,1,980,31.491520,0,1,1475.471436,475.407501,0.068000,0.034000,0.000000
980,1,980,31.491520,0,2,1517.387085,477.288788,0.102000,0.034000,0.000000
980,1,980,31.491520,0,3,1559.570435,478.781799,0.136000,0.034000,0.000000
980,1,980,31.491520,0,4,1601.502441,480.874359,0.170000,0.034000,0.000000
980,1,980,31.491520,0,5,1642.681885,482.114410,0.204000,0.034000,0.000000
980,1,980,31.491520,0,7,1474.377441,517.146484,0.068000,0.068000,0.000000
980,1,980,31.491520,0,8,1516.030884,518.497253,0.102000,0.068000,0.000000
980,1,980,31.491520,0,9,1558.325073,520.747925,0.136000,0.068000,0.000000
980,1,980,31.491520,0,10,1599.668457,521.958130,0.170000,0.068000,0.000000
980,1,980,31.491520,0,11,1641.691040,524.066223,0.204000,0.068000,0.000000
980,1,980,31.491520,0,12,1431.033936,556.601501,0.034000,0.102000,0.000000
980,1,980,31.491520,0,13,1472.443726,558.502563,0.068000,0.102000,0.000000
980,1,980,31.491520,0,14,1514.524048,560.627991,0.102000,0.102000,0.000000
980,1,980,31.491520,0,15,1556.668091,562.488831,0.136000,0.102000,0.000000
980,1,980,31.491520,0,16,1598.457520,564.169739,0.170000,0.102000,0.000000
980,1,980,31.491520,0,17,1639.578003,566.228394,0.204000,0.102000,0.000000
980,1,980,31.491520,0,18,1428.641968,598.361938,0.034000,0.136000,0.000000
980,1,980,31.491520,0,19,1470.778442,600.106384,0.068000,0.136000,0.000000
980,1,980,31.491520,0,20,1513.279541,602.726562,0.102000,0.136000,0.000000
980,1,980,31.491520,0,21,1554.758789,604.118469,0.136000,0.136000,0.000000
980,1,980,31.491520,0,22,1596.673584,605.795410,0.170000,0.136000,0.000000
980,1,980,31.491520,0,23,1638.260010,607.658691,0.204000,0.136000,0.000000
985,0,985,31.652191,0,0,325.443665,302.512695,0.034000,0.034000,0.000000
985,0,985,31.652191,0,1,362.699402,300.876099,0.068000,0.034000,0.000000
985,0,985,31.652191,0,2,399.439514,300.357666,0.102000,0.034000,0.000000
985,0,985,31.652191,0,5,511.467987,297.443420,0.204000,0.034000,0.000000
985,0,985,31.652191,0,8,400.607666,338.725342,0.102000,0.068000,0.000000
985,0,985,31.652191,0,11,512.457458,335.287476,0.204000,0.068000,0.000000
985,0,985,31.652191,0,14,401.240845,376.194641,0.102000,0.102000,0.000000
985,0,985,31.652191,0,15,437.578461,375.515686,0.136000,0.102000,0.000000
985,0,985,31.652191,0,16,475.325775,375.291901,0.170000,0.102000,0.000000
985,0,985,31.652191,0,17,512.896667,374.613129,0.204000,0.102000,0.000000
985,0,985,31.652191,0,20,400.744598,413.724243,0.102000,0.136000,0.000000
985,0,985,31.652191,0,21,438.561554,413.968170,0.136000,0.136000,0.000000
985,1,985,31.652191,0,0,1441.693726,475.425995,0.034000,0.034000,0.000000
985,1,985,31.652191,0,1,1483.566528,477.281586,0.068000,0.034000,0.000000
985,1,985,31.652191,0,2,1525.597412,479.648468,0.102000,0.034000,0.000000
985,1,985,31.652191,0,5,1650.164062,486.622711,0.204000,0.034000,0.000000
985,1,985,31.652191,0,8,1523.765259,521.283569,0.102000,0.068000,0.000000
985,1,985,31.652191,0,11,1648.518433,527.646729,0.204000,0.068000,0.000000
985,1,985,31.652191,0,14,1521.279663,563.019714,0.102000,0.102000,0.000000
985,1,985,31.652191,0,15,1563.529663,565.192871,0.136000,0.102000,0.000000
985,1,985,31.652191,0,16,1604.982056,567.341919,0.170000,0.102000,0.000000
985,1,985,31.652191,0,17,1646.649536,569.623352,0.204000,0.102000,0.000000
985,1,985,31.652191,0,20,1519.520386,604.456238,0.102000,0.136000,0.000000
985,1,985,31.652191,0,21,1562.238770,606.289978,0.136000,0.136000,0.000000
985,1,985,31.652191,0,22,1603.359741,608.911438,0.170000,0.136000,0.000000
985,1,985,31.652191,0,23,1644.889038,610.649353,0.204000,0.136000,0.000000
990,0,990,31.812862,0,0,329.206268,304.512512,0.034000,0.034000,0.000000
990,0,990,31.812862,0,1,366.086487,303.697723,0.068000,0.034000,0.000000
990,0,990,31.812862,0,4,477.429291,301.500641,0.170000,0.034000,0.000000
990,0,990,31.812862,0,5,515.523010,300.589600,0.204000,0.034000,0.000000
990,0,990,31.812862,0,6,329.955170,342.728516,0.034000,0.068000,0.000000
990,0,990,31.812862,0,7,366.717529,341.325531,0.068000,0.068000,0.000000
990,0,990,31.812862,0,8,403.435669,341.176758,0.102000,0.068000,0.000000
990,0,990,31.812862,0,9,441.333344,339.657776,0.136000,0.068000,0.000000
990,0,990,31.812862,0,10,477.681213,339.416412,0.170000,0.068000,0.000000
990,0,990,31.812862,0,11,515.676514,338.641541,0.204000,0.068000,0.000000
990,0,990,31.812862,0,12,330.215210,380.588135,0.034000,0.102000,0.000000
990,0,990,31.812862,0,13,366.722351,379.571869,0.068000,0.102000,0.000000
990,0,990,31.812862,0,14,404.873596,378.294617,0.102000,0.102000,0.000000
990,0,990,31.812862,0,15,441.055573,378.721893,0.136000,0.102000,0.000000
990,0,990,31.812862,0,16,478.179169,378.509033,0.170000,0.102000,0.000000
990,0,990,31.812862,0,17,515.770264,377.367035,0.204000,0.102000,0.000000
990,0,990,31.812862,0,18,329.715363,417.200623,0.034000,0.136000,0.000000
990,0,990,31.812862,0,19,367.473236,418.169373,0.068000,0.136000,0.000000
990,0,990,31.812862,0,20,404.221130,417.206329,0.102000,0.136000,0.000000
990,0,990,31.812862,0,21,441.546234,417.105103,0.136000,0.136000,0.000000
990,0,990,31.812862,0,22,479.095612,416.411652,0.170000,0.136000,0.000000
990,0,990,31.812862,0,23,516.570251,416.017212,0.204000,0.136000,0.000000
990,1,990,31.812862,0,0,1445.484131,478.303894,0.034000,0.034000,0.000000
990,1,990,31.812862,0,1,1487.343140,480.547668,0.068000,0.034000,0.000000
990,1,990,31.812862,0,4,1612.392578,487.221985,0.170000,0.034000,0.000000
990,1,990,31.812862,0,5,1652.622314,489.190186,0.204000,0.034000,0.000000
990,1,990,31.812862,0,6,1443.581421,520.050049,0.034000,0.068000,0.000000
990,1,990,31.812862,0,7,1485.457397,521.837891,0.068000,0.068000,0.000000
990,1,990,31.812862,0,8,1527.234741,524.833618,0.102000,0.068000,0.000000
990,1,990,31.812862,0,9,1568.744507,526.497864,0.136000,0.068000,0.000000
990,1,990,31.812862,0,10,1609.187500,527.586609,0.170000,0.068000,0.000000
990,1,990,31.812862,0,11,1650.933105,530.691650,0.204000,0.068000,0.000000
990,1,990,31.812862,0,12,1441.631592,561.296753,0.034000,0.102000,0.000000
990,1,990,31.812862,0,13,1483.200195,563.774841,0.068000,0.102000,0.000000
990,1,990,31.812862,0,14,1524.532349,565.870056,0.102000,0.102000,0.000000
990,1,990,31.812862,0,15,1566.542114,568.405151,0.136000,0.102000,0.000000
990,1,990,31.812862,0,16,1607.817139,570.441895,0.170000,0.102000,0.000000
990,1,990,31.812862,0,17,1648.813721,572.556946,0.204000,0.102000,0.000000
990,1,990,31.812862,0,18,1438.984863,602.755310,0.034000,0.136000,0.000000
990,1,990,31.812862,0,19,1481.074951,604.993896,0.068000,0.136000,0.000000
990,1,990,31.812862,0,20,1522.572388,607.438843,0.102000,0.136000,0.000000
990,1,990,31.812862,0,21,1564.405640,609.604553,0.136000,0.136000,0.000000
990,1,990,31.812862,0,22,1605.614868,612.525208,0.170000,0.136000,0.000000
990,1,990,31.812862,0,23,1646.491699,614.094299,0.204000,0.136000,0.000000
995,0,995,31.973533,0,0,330.304810,301.147339,0.034000,0.034000,0.000000
995,0,995,31.973533,0,1,367.444641,299.728760,0.068000,0.034000,0.000000
995,0,995,31.973533,0,2,404.608246,299.609497,0.102000,0.034000,0.000000
995,0,995,31.973533,0,3,442.091461,298.738800,0.136000,0.034000,0.000000
995,0,995,31.973533,0,4,479.410126,298.337524,0.170000,0.034000,0.000000
995,0,995,31.973533,0,5,516.982788,297.521271,0.204000,0.034000,0.000000
995,0,995,31.973533,0,6,330.820618,338.561401,0.034000,0.068000,0.000000
995,0,995,31.973533,0,7,368.037781,338.208008,0.068000,0.068000,0.000000
995,0,995,31.973533,0,8,405.524780,337.763947,0.102000,0.068000,0.000000
995,0,995,31.973533,0,9,442.511353,336.784607,0.136000,0.068000,0.000000
995,0,995,31.973533,0,10,479.399261,336.240204,0.170000,0.068000,0.000000
995,0,995,31.973533,0,11,517.712036,335.576630,0.204000,0.068000,0.000000
995,0,995,31.973533,0,12,330.684235,377.199219,0.034000,0.102000,0.000000
995,0,995,31.973533,0,13,368.450531,375.874359,0.068000,0.102000,0.000000
995,0,995,31.973533,0,14,405.547363,375.459076,0.102000,0.102000,0.000000
995,0,995,31.973533,0,15,442.720490,375.438751,0.136000,0.102000,0.000000
995,0,995,31.973533,0,16,479.846344,375.049652,0.170000,0.102000,0.000000
995,0,995,31.973533,0,17,517.419128,374.430389,0.204000,0.102000,0.000000
995,0,995,31.973533,0,18,331.322205,413.593536,0.034000,0.136000,0.000000
995,0,995,31.973533,0,19,368.825958,414.146210,0.068000,0.136000,0.000000
995,0,995,31.973533,0,20,405.184998,412.885773,0.102000,0.136000,0.000000
995,0,995,31.973533,0,21,443.002380,413.491913,0.136000,0.136000,0.000000
995,0,995,31.973533,0,22,479.912018,412.709747,0.170000,0.136000,0.000000
995,0,995,31.973533,0,23,518.179138,412.434601,0.204000,0.136000,0.000000
995,1,995,31.973533,0,0,1445.566162,474.734863,0.034000,0.034000,0.000000
995,1,995,31.973533,0,1,1488.326660,476.487671,0.068000,0.034000,0.000000
995,1,995,31.973533,0,2,1530.197998,478.397095,0.102000,0.034000,0.000000
995,1,995,31.973533,0,3,1571.221680,481.380859,0.136000,0.034000,0.000000
995,1,995,31.973533,0,4,1612.433594,483.825653,0.170000,0.034000,0.000000
995,1,995,31.973533,0,5,1652.655273,485.427612,0.204000,0.034000,0.000000
995,1,995,31.973533,0,6,1444.251587,515.435608,0.034000,0.068000,0.000000
995,1,995,31.973533,0,7,1486.481812,517.409607,0.068000,0.068000,0.000000
995,1,995,31.973533,0,8,1527.725586,520.412048,0.102000,0.068000,0.000000
995,1,995,31.973533,0,9,1568.409546,523.231934,0.136000,0.068000,0.000000
995,1,995,31.973533,0,10,1609.391968,523.848999,0.170000,0.068000,0.000000
995,1,995,31.973533,0,11,1651.396362,526.867798,0.204000,0.068000,0.000000
995,1,995,31.973533,0,13,1484.001831,559.371826,0.068000,0.102000,0.000000
995,1,995,31.973533,0,14,1525.492554,561.671753,0.102000,0.102000,0.000000
995,1,995,31.973533,0,15,1566.947021,564.406006,0.136000,0.102000,0.000000
995,1,995,31.973533,0,16,1607.824585,566.362732,0.170000,0.102000,0.000000
995,1,995,31.973533,0,17,1648.569824,568.727173,0.204000,0.102000,0.000000
995,1,995,31.973533,0,18,1440.140747,598.505432,0.034000,0.136000,0.000000
995,1,995,31.973533,0,19,1481.514526,600.576355,0.068000,0.136000,0.000000
995,1,995,31.973533,0,20,1522.753784,603.000610,0.102000,0.136000,0.000000
995,1,995,31.973533,0,21,1564.787476,605.270752,0.136000,0.136000,0.000000
995,1,995,31.973533,0,22,1605.422241,608.100281,0.170000,0.136000,0.000000
995,1,995,31.973533,0,23,1647.304932,609.724731,0.204000,0.136000,0.000000
1000,0,1000,32.134204,0,0,327.441803,298.161713,0.034000,0.034000,0.000000
1000,0,1000,32.134204,0,1,364.712646,297.492950,0.068000,0.034000,0.000000
1000,0,1000,32.134204,0,2,402.127197,296.675507,0.102000,0.034000,0.000000
1000,0,1000,32.134204,0,3,439.346863,297.012085,0.136000,0.034000,0.000000
1000,0,1000,32.134204,0,4,476.528107,296.368164,0.170000,0.034000,0.000000
1000,0,1000,32.134204,0,5,514.175598,295.532745,0.204000,0.034000,0.000000
1000,0,1000,32.134204,0,6,327.980621,336.290070,0.034000,0.068000,0.000000
1000,0,1000,32.134204,0,7,365.244385,335.139496,0.068000,0.068000,0.000000
1000,0,1000,32.134204,0,8,402.168549,335.442413,0.102000,0.068000,0.000000
1000,0,1000,32.134204,0,9,439.397614,334.689087,0.136000,0.068000,0.000000
1000,0,1000,32.134204,0,10,476.668457,334.139038,0.170000,0.068000,0.000000
1000,0,1000,32.134204,0,11,515.129883,333.392975,0.204000,0.068000,0.000000
1000,0,1000,32.134204,0,12,327.541870,374.345490,0.034000,0.102000,0.000000
1000,0,1000,32.134204,0,13,364.764984,373.426361,0.068000,0.102000,0.000000
1000,0,1000,32.134204,0,14,403.120850,372.638672,0.102000,0.102000,0.000000
1000,0,1000,32.134204,0,15,439.374847,372.760315,0.136000,0.102000,0.000000
1000,0,1000,32.134204,0,16,477.165558,372.358185,0.170000,0.102000,0.000000
1000,0,1000,32.134204,0,17,514.534424,372.347748,0.204000,0.102000,0.000000
1000,0,1000,32.134204,0,18,328.051758,411.039917,0.034000,0.136000,0.000000
1000,0,1000,32.134204,0,19,365.256714,411.488678,0.068000,0.136000,0.000000
1000,0,1000,32.134204,0,20,402.592499,411.287537,0.102000,0.136000,0.000000
1000,0,1000,32.134204,0,21,439.253510,411.347626,0.136000,0.136000,0.000000
1000,0,1000,32.134204,0,22,476.649384,410.383728,0.170000,0.136000,0.000000
1000,1,1000,32.134204,0,0,1440.072754,470.991089,0.034000,0.034000,0.000000
1000,1,1000,32.134204,0,1,1481.371826,473.084686,0.068000,0.034000,0.000000
1000,1,1000,32.134204,0,2,1522.645630,475.541565,0.102000,0.034000,0.000000
1000,1,1000,32.134204,0,3,1563.521240,478.642151,0.136000,0.034000,0.000000
1000,1,1000,32.134204,0,4,1603.585693,480.858276,0.170000,0.034000,0.000000
1000,1,1000,32.134204,0,5,1643.366211,481.968414,0.204000,0.034000,0.000000
1000,1,1000,32.134204,0,6,1437.922363,512.226990,0.034000,0.068000,0.000000
1000,1,1000,32.134204,0,7,1479.576904,514.113953,0.068000,0.068000,0.000000
1000,1,1000,32.134204,0,8,1519.755737,515.844788,0.102000,0.068000,0.000000
1000,1,1000,32.134204,0,9,1560.411133,519.664612,0.136000,0.068000,0.000000
1000,1,1000,32.134204,0,10,1601.460938,521.504150,0.170000,0.068000,0.000000
1000,1,1000,32.134204,0,11,1642.298584,523.469910,0.204000,0.068000,0.000000
1000,1,1000,32.134204,0,12,1435.626099,553.349915,0.034000,0.102000,0.000000
1000,1,1000,32.134204,0,13,1476.702515,555.648743,0.068000,0.102000,0.000000
1000,1,1000,32.134204,0,14,1518.122070,557.864929,0.102000,0.102000,0.000000
1000,1,1000,32.134204,0,15,1558.734863,560.504333,0.136000,0.102000,0.000000
1000,1,1000,32.134204,0,16,1599.316650,563.159607,0.170000,0.102000,0.000000
1000,1,1000,32.134204,0,17,1639.524536,565.555542,0.204000,0.102000,0.000000
1000,1,1000,32.134204,0,18,1433.010132,593.796936,0.034000,0.136000,0.000000
1000,1,1000,32.134204,0,19,1474.827148,597.059448,0.068000,0.136000,0.000000
1000,1,1000,32.134204,0,20,1515.373779,599.401855,0.102000,0.136000,0.000000
1000,1,1000,32.134204,0,21,1556.746704,601.900391,0.136000,0.136000,0.000000
1000,1,1000,32.134204,0,22,1596.598633,604.329956,0.170000,0.136000,0.000000
1000,1,1000,32.134204,0,23,1637.421631,606.378052,0.204000,0.136000,0.000000
1005,0,1005,32.294875,0,0,321.789246,299.243988,0.034000,0.034000,0.000000
1005,0,1005,32.294875,0,1,359.415314,298.456818,0.068000,0.034000,0.000000
1005,0,1005,32.294875,0,2,396.686188,298.192963,0.102000,0.034000,0.000000
1005,0,1005,32.294875,0,3,433.817993,298.304962,0.136000,0.034000,0.000000
1005,0,1005,32.294875,0,4,471.516022,297.610748,0.170000,0.034000,0.000000
1005,0,1005,32.294875,0,5,508.530975,297.689148,0.204000,0.034000,0.000000
1005,0,1005,32.294875,0,6,322.271790,336.264771,0.034000,0.068000,0.000000
1005,0,1005,32.294875,0,7,359.368927,336.120850,0.068000,0.068000,0.000000
1005,0,1005,32.294875,0,8,396.583771,336.270935,0.102000,0.068000,0.000000
1005,0,1005,32.294875,0,9,433.573639,336.072998,0.136000,0.068000,0.000000
1005,0,1005,32.294875,0,10,471.146667,336.062378,0.170000,0.068000,0.000000
1005,0,1005,32.294875,0,11,508.477051,335.517883,0.204000,0.068000,0.000000
1005,0,1005,32.294875,0,12,321.592651,374.325104,0.034000,0.102000,0.000000
1005,0,1005,32.294875,0,13,358.933838,373.220245,0.068000,0.102000,0.000000
1005,0,1005,32.294875,0,14,396.547241,373.508209,0.102000,0.102000,0.000000
1005,0,1005,32.294875,0,15,433.464935,373.747864,0.136000,0.102000,0.000000
1005,0,1005,32.294875,0,16,470.860352,373.610168,0.170000,0.102000,0.000000
1005,0,1005,32.294875,0,17,508.180725,373.559082,0.204000,0.102000,0.000000
1005,0,1005,32.294875,0,18,321.763397,410.716614,0.034000,0.136000,0.000000
1005,0,1005,32.294875,0,19,359.348877,411.311981,0.068000,0.136000,0.000000
1005,0,1005,32.294875,0,20,395.901337,410.875000,0.102000,0.136000,0.000000
1005,0,1005,32.294875,0,21,433.311401,411.732483,0.136000,0.136000,0.000000
1005,0,1005,32.294875,0,22,470.492004,411.275330,0.170000,0.136000,0.000000
1005,0,1005,32.294875,0,23,508.405609,411.177643,0.204000,0.136000,0.000000
1005,1,1005,32.294875,0,0,1428.401978,469.492462,0.034000,0.034000,0.000000
1005,1,1005,32.294875,0,1,1468.744629,472.437439,0.068000,0.034000,0.000000
1005,1,1005,32.294875,0,2,1509.153076,475.084625,0.102000,0.034000,0.000000
1005,1,1005,32.294875,0,3,1549.165527,477.413574,0.136000,0.034000,0.000000
1005,1,1005,32.294875,0,4,1589.541382,480.208435,0.170000,0.034000,0.000000
1005,1,1005,32.294875,0,5,1628.729248,482.652313,0.204000,0.034000,0.000000
1005,1,1005,32.294875,0,6,1425.990479,510.614044,0.034000,0.068000,0.000000
1005,1,1005,32.294875,0,7,1466.682251,512.770691,0.068000,0.068000,0.000000
1005,1,1005,32.294875,0,8,1506.813843,515.978760,0.102000,0.068000,0.000000
1005,1,1005,32.294875,0,9,1546.779053,518.577393,0.136000,0.068000,0.000000
1005,1,1005,32.294875,0,10,1586.950562,520.978943,0.170000,0.068000,0.000000
1005,1,1005,32.294875,0,11,1626.828369,523.574402,0.204000,0.068000,0.000000
1005,1,1005,32.294875,0,12,1423.131592,551.753845,0.034000,0.102000,0.000000
1005,1,1005,32.294875,0,13,1463.760742,554.536072,0.068000,0.102000,0.000000
1005,1,1005,32.294875,0,14,1503.551025,557.604187,0.102000,0.102000,0.000000
1005,1,1005,32.294875,0,15,1544.287964,559.615967,0.136000,0.102000,0.000000
1005,1,1005,32.294875,0,16,1584.468384,562.319641,0.170000,0.102000,0.000000
1005,1,1005,32.294875,0,17,1623.809326,564.365479,0.204000,0.102000,0.000000
1005,1,1005,32.294875,0,18,1420.312744,592.103394,0.034000,0.136000,0.000000
1005,1,1005,32.294875,0,19,1461.027100,595.551331,0.068000,0.136000,0.000000
1005,1,1005,32.294875,0,20,1501.666138,598.204468,0.102000,0.136000,0.000000
1005,1,1005,32.294875,0,21,1541.778442,601.102112,0.136000,0.136000,0.000000
1005,1,1005,32.294875,0,22,1581.518433,602.948975,0.170000,0.136000,0.000000
1005,1,1005,32.294875,0,23,1621.751343,605.481934,0.204000,0.136000,0.000000
1010,0,1010,32.455546,0,0,318.693237,299.202454,0.034000,0.034000,0.000000
1010,0,1010,32.455546,0,1,356.196838,298.912415,0.068000,0.034000,0.000000
1010,0,1010,32.455546,0,2,392.348145,299.500366,0.102000,0.034000,0.000000
1010,0,1010,32.455546,0,3,429.621765,299.589233,0.136000,0.034000,0.000000
1010,0,1010,32.455546,0,4,466.530548,299.470215,0.170000,0.034000,0.000000
1010,0,1010,32.455546,0,5,502.725616,299.074432,0.204000,0.034000,0.000000
1010,0,1010,32.455546,0,6,319.337189,336.314056,0.034000,0.068000,0.000000
1010,0,1010,32.455546,0,7,355.375244,336.283997,0.068000,0.068000,0.000000
1010,0,1010,32.455546,0,10,465.445831,336.707001,0.170000,0.068000,0.000000
1010,0,1010,32.455546,0,11,502.994568,337.178192,0.204000,0.068000,0.000000
1010,0,1010,32.455546,0,12,317.657776,373.558350,0.034000,0.102000,0.000000
1010,0,1010,32.455546,0,13,354.788727,373.181396,0.068000,0.102000,0.000000
1010,0,1010,32.455546,0,16,465.398621,374.543915,0.170000,0.102000,0.000000
1010,0,1010,32.455546,0,17,502.275970,374.737152,0.204000,0.102000,0.000000
1010,0,1010,32.455546,0,18,317.630493,409.784180,0.034000,0.136000,0.000000
1010,0,1010,32.455546,0,19,354.459686,410.689606,0.068000,0.136000,0.000000
1010,0,1010,32.455546,0,20,391.015900,410.712585,0.102000,0.136000,0.000000
1010,0,1010,32.455546,0,21,428.046570,411.474640,0.136000,0.136000,0.000000
1010,0,1010,32.455546,0,22,464.824005,411.621185,0.170000,0.136000,0.000000
1010,0,1010,32.455546,0,23,502.326416,411.919434,0.204000,0.136000,0.000000
1010,1,1010,32.455546,0,0,1413.453491,467.767975,0.034000,0.034000,0.000000
1010,1,1010,32.455546,0,1,1453.594849,470.071167,0.068000,0.034000,0.000000
1010,1,1010,32.455546,0,2,1493.730347,473.752533,0.102000,0.034000,0.000000
1010,1,1010,32.455546,0,3,1533.305176,476.033936,0.136000,0.034000,0.000000
1010,1,1010,32.455546,0,4,1574.235474,479.051514,0.170000,0.034000,0.000000
1010,1,1010,32.455546,0,5,1611.923950,481.665405,0.204000,0.034000,0.000000
1010,1,1010,32.455546,0,6,1410.629517,508.057556,0.034000,0.068000,0.000000
1010,1,1010,32.455546,0,7,1451.314331,510.907928,0.068000,0.068000,0.000000
1010,1,1010,32.455546,0,10,1570.536377,520.614868,0.170000,0.068000,0.000000
1010,1,1010,32.455546,0,11,1610.618652,522.634216,0.204000,0.068000,0.000000
1010,1,1010,32.455546,0,12,1407.981812,548.722473,0.034000,0.102000,0.000000
1010,1,1010,32.455546,0,13,1448.153320,551.315125,0.068000,0.102000,0.000000
1010,1,1010,32.455546,0,16,1567.835938,560.802063,0.170000,0.102000,0.000000
1010,1,1010,32.455546,0,17,1607.298096,563.640564,0.204000,0.102000,0.000000
1010,1,1010,32.455546,0,18,1405.206421,589.224915,0.034000,0.136000,0.000000
1010,1,1010,32.455546,0,19,1445.833008,592.047485,0.068000,0.136000,0.000000
1010,1,1010,32.455546,0,20,1485.318359,595.114563,0.102000,0.136000,0.000000
1010,1,1010,32.455546,0,21,1525.677734,598.246643,0.136000,0.136000,0.000000
1010,1,1010,32.455546,0,22,1565.152588,601.248169,0.170000,0.136000,0.000000
1010,1,1010,32.455546,0,23,1604.948608,603.730042,0.204000,0.136000,0.000000
1015,0,1015,32.616217,0,0,312.518127,302.466370,0.034000,0.034000,0.000000
1015,0,1015,32.616217,0,1,349.263855,301.659058,0.068000,0.034000,0.000000
1015,0,1015,32.616217,0,2,385.791016,302.438507,0.102000,0.034000,0.000000
1015,0,1015,32.616217,0,6,313.253845,338.704803,0.034000,0.068000,0.000000
1015,0,1015,32.616217,0,7,349.500793,338.534515,0.068000,0.068000,0.000000
1015,0,1015,32.616217,0,12,312.421570,375.739929,0.034000,0.102000,0.000000
1015,0,1015,32.616217,0,13,348.687195,375.468811,0.068000,0.102000,0.000000
1015,0,1015,32.616217,0,16,458.620789,376.244263,0.170000,0.102000,0.000000
1015,0,1015,32.616217,0,17,495.381470,376.756134,0.204000,0.102000,0.000000
1015,0,1015,32.616217,0,18,312.231079,411.927155,0.034000,0.136000,0.000000
1015,0,1015,32.616217,0,19,348.623138,412.445709,0.068000,0.136000,0.000000
1015,0,1015,32.616217,0,20,384.272705,412.213287,0.102000,0.136000,0.000000
1015,0,1015,32.616217,0,21,421.439819,412.755432,0.136000,0.136000,0.000000
1015,0,1015,32.616217,0,22,457.390594,412.479889,0.170000,0.136000,0.000000
1015,0,1015,32.616217,0,23,495.114716,413.141541,0.204000,0.136000,0.000000
1015,1,1015,32.616217,0,0,1396.093506,468.818176,0.034000,0.034000,0.000000
1015,1,1015,32.616217,0,1,1435.946045,471.223114,0.068000,0.034000,0.000000
1015,1,1015,32.616217,0,2,1475.291748,474.510559,0.102000,0.034000,0.000000
1015,1,1015,32.616217,0,6,1394.076050,508.335907,0.034000,0.068000,0.000000
1015,1,1015,32.616217,0,7,1434.439453,511.178711,0.068000,0.068000,0.000000
1015,1,1015,32.616217,0,12,1391.497070,549.336731,0.034000,0.102000,0.000000
1015,1,1015,32.616217,0,13,1431.679199,552.459839,0.068000,0.102000,0.000000
1015,1,1015,32.616217,0,16,1549.599976,560.128601,0.170000,0.102000,0.000000
1015,1,1015,32.616217,0,17,1588.152954,562.558777,0.204000,0.102000,0.000000
1015,1,1015,32.616217,0,18,1389.225708,589.591675,0.034000,0.136000,0.000000
1015,1,1015,32.616217,0,19,1428.822266,591.860596,0.068000,0.136000,0.000000
1015,1,1015,32.616217,0,20,1467.504761,593.672241,0.102000,0.136000,0.000000
1015,1,1015,32.616217,0,21,1507.644775,597.505127,0.136000,0.136000,0.000000
1015,1,1015,32.616217,0,22,1546.348877,600.218140,0.170000,0.136000,0.000000
1015,1,1015,32.616217,0,23,1586.262573,602.662476,0.204000,0.136000,0.000000
1020,0,1020,32.776888,0,0,300.975342,309.335480,0.034000,0.034000,0.000000
1020,0,1020,32.776888,0,3,410.661469,307.530029,0.136000,0.034000,0.000000
1020,0,1020,32.776888,0,4,447.054169,307.038391,0.170000,0.034000,0.000000
1020,0,1020,32.776888,0,5,483.139557,306.543427,0.204000,0.034000,0.000000
1020,0,1020,32.776888,0,6,302.465088,345.618256,0.034000,0.068000,0.000000
1020,0,1020,32.776888,0,9,410.624786,344.238586,0.136000,0.068000,0.000000
1020,0,1020,32.776888,0,10,447.011536,343.389282,0.170000,0.068000,0.000000
1020,0,1020,32.776888,0,11,484.173676,342.703186,0.204000,0.068000,0.000000
1020,0,1020,32.776888,0,12,301.613953,382.347656,0.034000,0.102000,0.000000
1020,0,1020,32.776888,0,13,338.679688,381.320740,0.068000,0.102000,0.000000
1020,0,1020,32.776888,0,14,375.459686,380.507111,0.102000,0.102000,0.000000
1020,0,1020,32.776888,0,15,411.541229,381.271912,0.136000,0.102000,0.000000
1020,0,1020,32.776888,0,16,447.331696,380.502533,0.170000,0.102000,0.000000
1020,0,1020,32.776888,0,18,302.464294,417.761383,0.034000,0.136000,0.000000
1020,0,1020,32.776888,0,19,338.869446,417.727722,0.068000,0.136000,0.000000
1020,0,1020,32.776888,0,20,374.662842,417.115479,0.102000,0.136000,0.000000
1020,0,1020,32.776888,0,21,411.467346,417.184052,0.136000,0.136000,0.000000
1020,0,1020,32.776888,0,22,447.475952,416.388733,0.170000,0.136000,0.000000
1020,1,1020,32.776888,0,0,1373.560547,473.985321,0.034000,0.034000,0.000000
1020,1,1020,32.776888,0,3,1490.394775,480.193085,0.136000,0.034000,0.000000
1020,1,1020,32.776888,0,4,1529.301392,481.452820,0.170000,0.034000,0.000000
1020,1,1020,32.776888,0,5,1566.837524,484.565399,0.204000,0.034000,0.000000
1020,1,1020,32.776888,0,6,1372.502930,513.417603,0.034000,0.068000,0.000000
1020,1,1020,32.776888,0,9,1487.980591,519.866455,0.136000,0.068000,0.000000
1020,1,1020,32.776888,0,10,1526.327759,521.044678,0.170000,0.068000,0.000000
1020,1,1020,32.776888,0,11,1565.316040,523.185181,0.204000,0.068000,0.000000
1020,1,1020,32.776888,0,12,1369.465576,554.053528,0.034000,0.102000,0.000000
1020,1,1020,32.776888,0,13,1409.463379,555.533630,0.068000,0.102000,0.000000
1020,1,1020,32.776888,0,14,1448.274780,557.121033,0.102000,0.102000,0.000000
1020,1,1020,32.776888,0,15,1486.491821,559.117676,0.136000,0.102000,0.000000
1020,1,1020,32.776888,0,16,1525.179688,561.182678,0.170000,0.102000,0.000000
1020,1,1020,32.776888,0,18,1368.484131,593.228943,0.034000,0.136000,0.000000
1020,1,1020,32.776888,0,19,1407.552612,595.500366,0.068000,0.136000,0.000000
1020,1,1020,32.776888,0,20,1445.785156,596.821167,0.102000,0.136000,0.000000
1020,1,1020,32.776888,0,21,1484.742432,599.419983,0.136000,0.136000,0.000000
1020,1,1020,32.776888,0,22,1522.195190,600.343140,0.170000,0.136000,0.000000
1025,0,1025,32.937559,0,0,297.401489,313.521515,0.034000,0.034000,0.000000
1025,0,1025,32.937559,0,1,333.300568,312.468109,0.068000,0.034000,0.000000
1025,0,1025,32.937559,0,2,369.123352,312.524689,0.102000,0.034000,0.000000
1025,0,1025,32.937559,0,3,405.107422,311.337646,0.136000,0.034000,0.000000
1025,0,1025,32.937559,0,4,441.502747,310.811127,0.170000,0.034000,0.000000
1025,0,1025,32.937559,0,5,476.553833,310.269592,0.204000,0.034000,0.000000
1025,0,1025,32.937559,0,6,298.456726,349.081573,0.034000,0.068000,0.000000
1025,0,1025,32.937559,0,7,334.275757,348.535248,0.068000,0.068000,0.000000
1025,0,1025,32.937559,0,10,442.155212,347.386749,0.170000,0.068000,0.000000
1025,0,1025,32.937559,0,11,477.528839,346.365692,0.204000,0.068000,0.000000
1025,0,1025,32.937559,0,12,299.103455,385.322052,0.034000,0.102000,0.000000
1025,0,1025,32.937559,0,13,334.891937,384.558533,0.068000,0.102000,0.000000
1025,0,1025,32.937559,0,16,442.471466,383.337738,0.170000,0.102000,0.000000
1025,0,1025,32.937559,0,17,477.801270,382.521851,0.204000,0.102000,0.000000
1025,0,1025,32.937559,0,18,299.578888,420.725128,0.034000,0.136000,0.000000
1025,0,1025,32.937559,0,19,335.621857,420.646393,0.068000,0.136000,0.000000
1025,0,1025,32.937559,0,20,370.626160,419.337921,0.102000,0.136000,0.000000
1025,0,1025,32.937559,0,21,407.663422,419.234375,0.136000,0.136000,0.000000
1025,0,1025,32.937559,0,22,442.833649,418.846741,0.170000,0.136000,0.000000
1025,0,1025,32.937559,0,23,478.690918,418.412750,0.204000,0.136000,0.000000
1025,1,1025,32.937559,0,0,1355.088257,475.499359,0.034000,0.034000,0.000000
1025,1,1025,32.937559,0,1,1392.794678,476.856110,0.068000,0.034000,0.000000
1025,1,1025,32.937559,0,2,1431.074829,479.532318,0.102000,0.034000,0.000000
1025,1,1025,32.937559,0,3,1468.592041,480.614777,0.136000,0.034000,0.000000
1025,1,1025,32.937559,0,4,1506.444336,483.169159,0.170000,0.034000,0.000000
1025,1,1025,32.937559,0,5,1544.325562,485.025513,0.204000,0.034000,0.000000
1025,1,1025,32.937559,0,6,1353.739990,515.211548,0.034000,0.068000,0.000000
1025,1,1025,32.937559,0,10,1505.255859,522.557495,0.170000,0.068000,0.000000
1025,1,1025,32.937559,0,11,1542.295654,523.545715,0.204000,0.068000,0.000000
1025,1,1025,32.937559,0,12,1350.914429,554.188477,0.034000,0.102000,0.000000
1025,1,1025,32.937559,0,13,1389.362793,555.819397,0.068000,0.102000,0.000000
1025,1,1025,32.937559,0,16,1502.812744,561.092773,0.170000,0.102000,0.000000
1025,1,1025,32.937559,0,17,1540.107178,563.114624,0.204000,0.102000,0.000000
1025,1,1025,32.937559,0,18,1348.336548,592.515320,0.034000,0.136000,0.000000
1025,1,1025,32.937559,0,19,1387.337524,595.217834,0.068000,0.136000,0.000000
1025,1,1025,32.937559,0,20,1424.612427,595.572327,0.102000,0.136000,0.000000
1025,1,1025,32.937559,0,21,1463.286987,598.574524,0.136000,0.136000,0.000000
1025,1,1025,32.937559,0,22,1500.507080,600.057434,0.170000,0.136000,0.000000
1025,1,1025,32.937559,0,23,1538.485718,601.352722,0.204000,0.136000,0.000000
1030,0,1030,33.098230,0,0,299.745605,317.495667,0.034000,0.034000,0.000000
1030,0,1030,33.098230,0,3,407.456085,315.537384,0.136000,0.034000,0.000000
1030,0,1030,33.098230,0,4,442.729401,314.821014,0.170000,0.034000,0.000000
1030,0,1030,33.098230,0,5,478.324341,314.629150,0.204000,0.034000,0.000000
1030,0,1030,33.098230,0,6,301.480713,352.162567,0.034000,0.068000,0.000000
1030,0,1030,33.098230,0,9,408.050781,350.859833,0.136000,0.068000,0.000000
1030,0,1030,33.098230,0,10,443.585175,349.912140,0.170000,0.068000,0.000000
1030,0,1030,33.098230,0,11,479.438049,349.034821,0.204000,0.068000,0.000000
1030,0,1030,33.098230,0,13,337.673431,386.846069,0.068000,0.102000,0.000000
1030,0,1030,33.098230,0,14,372.679901,387.086700,0.102000,0.102000,0.000000
1030,0,1030,33.098230,0,15,408.775299,385.890503,0.136000,0.102000,0.000000
1030,0,1030,33.098230,0,16,444.419250,385.454987,0.170000,0.102000,0.000000
1030,0,1030,33.098230,0,17,479.610291,385.070709,0.204000,0.102000,0.000000
1030,0,1030,33.098230,0,19,338.746185,422.219055,0.068000,0.136000,0.000000
1030,0,1030,33.098230,0,20,373.534912,420.781891,0.102000,0.136000,0.000000
1030,0,1030,33.098230,0,21,410.016724,420.867401,0.136000,0.136000,0.000000
1030,0,1030,33.098230,0,22,445.026794,420.552216,0.170000,0.136000,0.000000
1030,0,1030,33.098230,0,23,480.659760,419.614807,0.204000,0.136000,0.000000
1030,1,1030,33.098230,0,0,1343.906982,477.439636,0.034000,0.034000,0.000000
1030,1,1030,33.098230,0,3,1455.052246,482.291138,0.136000,0.034000,0.000000
1030,1,1030,33.098230,0,4,1491.546021,483.897003,0.170000,0.034000,0.000000
1030,1,1030,33.098230,0,5,1527.191162,485.443329,0.204000,0.034000,0.000000
1030,1,1030,33.098230,0,6,1343.135986,515.892395,0.034000,0.068000,0.000000
1030,1,1030,33.098230,0,9,1453.643921,520.538025,0.136000,0.068000,0.000000
1030,1,1030,33.098230,0,10,1489.503418,521.950073,0.170000,0.068000,0.000000
1030,1,1030,33.098230,0,11,1526.527954,522.952576,0.204000,0.068000,0.000000
1030,1,1030,33.098230,0,13,1377.994629,556.104248,0.068000,0.102000,0.000000
1030,1,1030,33.098230,0,14,1415.203979,557.394226,0.102000,0.102000,0.000000
1030,1,1030,33.098230,0,15,1451.683472,559.163269,0.136000,0.102000,0.000000
1030,1,1030,33.098230,0,16,1487.817017,560.870483,0.170000,0.102000,0.000000
1030,1,1030,33.098230,0,17,1523.686646,562.262512,0.204000,0.102000,0.000000
1030,1,1030,33.098230,0,19,1376.128296,594.919006,0.068000,0.136000,0.000000
1030,1,1030,33.098230,0,20,1412.402710,595.409546,0.102000,0.136000,0.000000
1030,1,1030,33.098230,0,21,1450.035645,597.804016,0.136000,0.136000,0.000000
1030,1,1030,33.098230,0,22,1485.285278,598.166504,0.170000,0.136000,0.000000
1030,1,1030,33.098230,0,23,1523.161011,599.195374,0.204000,0.136000,0.000000
1035,0,1035,33.258901,0,0,313.033569,315.379059,0.034000,0.034000,0.000000
1035,0,1035,33.258901,0,1,349.069092,314.144226,0.068000,0.034000,0.000000
1035,0,1035,33.258901,0,5,489.418304,311.537994,0.204000,0.034000,0.000000
1035,0,1035,33.258901,0,11,490.199493,345.262787,0.204000,0.068000,0.000000
1035,0,1035,33.258901,0,16,456.255981,381.336914,0.170000,0.102000,0.000000
1035,0,1035,33.258901,0,17,491.113312,380.545746,0.204000,0.102000,0.000000
1035,0,1035,33.258901,0,18,316.464874,419.164948,0.034000,0.136000,0.000000
1035,0,1035,33.258901,0,19,352.265442,418.610931,0.068000,0.136000,0.000000
1035,0,1035,33.258901,0,22,456.367889,414.711029,0.170000,0.136000,0.000000
1035,0,1035,33.258901,0,23,492.071411,414.465332,0.204000,0.136000,0.000000
1035,1,1035,33.258901,0,0,1343.426392,473.480133,0.034000,0.034000,0.000000
1035,1,1035,33.258901,0,1,1380.120483,474.442078,0.068000,0.034000,0.000000
1035,1,1035,33.258901,0,5,1520.938232,479.448547,0.204000,0.034000,0.000000
1035,1,1035,33.258901,0,11,1520.649414,516.489380,0.204000,0.068000,0.000000
1035,1,1035,33.258901,0,16,1484.236084,554.247986,0.170000,0.102000,0.000000
1035,1,1035,33.258901,0,17,1519.196655,554.578125,0.204000,0.102000,0.000000
1035,1,1035,33.258901,0,18,1340.735962,587.802002,0.034000,0.136000,0.000000
1035,1,1035,33.258901,0,19,1377.140625,588.809937,0.068000,0.136000,0.000000
1035,1,1035,33.258901,0,22,1482.680420,591.027649,0.170000,0.136000,0.000000
1035,1,1035,33.258901,0,23,1518.783447,591.924500,0.204000,0.136000,0.000000
1040,0,1040,33.419572,0,2,398.618805,312.714630,0.102000,0.034000,0.000000
1040,0,1040,33.419572,0,3,433.264984,311.323669,0.136000,0.034000,0.000000
1040,0,1040,33.419572,0,4,467.559509,309.561279,0.170000,0.034000,0.000000
1040,0,1040,33.419572,0,5,502.087402,308.915741,0.204000,0.034000,0.000000
1040,0,1040,33.419572,0,6,331.186371,349.355835,0.034000,0.068000,0.000000
1040,0,1040,33.419572,0,7,366.614319,347.266998,0.068000,0.068000,0.000000
1040,0,1040,33.419572,0,8,400.808197,346.778107,0.102000,0.068000,0.000000
1040,0,1040,33.419572,0,9,434.686768,345.420593,0.136000,0.068000,0.000000
1040,0,1040,33.419572,0,10,468.883209,343.412506,0.170000,0.068000,0.000000
1040,0,1040,33.419572,0,11,503.478210,341.594666,0.204000,0.068000,0.000000
1040,0,1040,33.419572,0,12,332.221924,384.354889,0.034000,0.102000,0.000000
1040,0,1040,33.419572,0,13,367.433319,382.185364,0.068000,0.102000,0.000000
1040,0,1040,33.419572,0,14,401.834595,381.071167,0.102000,0.102000,0.000000
1040,0,1040,33.419572,0,15,436.379639,379.364288,0.136000,0.102000,0.000000
1040,0,1040,33.419572,0,16,470.466797,377.850342,0.170000,0.102000,0.000000
1040,0,1040,33.419572,0,17,504.893677,376.433594,0.204000,0.102000,0.000000
1040,0,1040,33.419572,0,18,334.747040,418.156281,0.034000,0.136000,0.000000
1040,0,1040,33.419572,0,19,369.147308,416.495605,0.068000,0.136000,0.000000
1040,0,1040,33.419572,0,20,402.945160,413.676880,0.102000,0.136000,0.000000
1040,0,1040,33.419572,0,21,438.763885,412.853577,0.136000,0.136000,0.000000
1040,0,1040,33.419572,0,22,471.638489,410.928131,0.170000,0.136000,0.000000
1040,0,1040,33.419572,0,23,506.528748,409.723267,0.204000,0.136000,0.000000
1040,1,1040,33.419572,0,2,1413.619263,473.103027,0.102000,0.034000,0.000000
1040,1,1040,33.419572,0,3,1449.252563,473.482330,0.136000,0.034000,0.000000
1040,1,1040,33.419572,0,4,1483.167236,473.737488,0.170000,0.034000,0.000000
1040,1,1040,33.419572,0,5,1517.248047,474.428345,0.204000,0.034000,0.000000
1040,1,1040,33.419572,0,6,1344.170410,509.358429,0.034000,0.068000,0.000000
1040,1,1040,33.419572,0,7,1380.239990,508.868774,0.068000,0.068000,0.000000
1040,1,1040,33.419572,0,8,1414.565674,510.410583,0.102000,0.068000,0.000000
1040,1,1040,33.419572,0,9,1449.721436,509.706573,0.136000,0.068000,0.000000
1040,1,1040,33.419572,0,10,1482.928467,510.445587,0.170000,0.068000,0.000000
1040,1,1040,33.419572,0,11,1517.856812,510.473511,0.204000,0.068000,0.000000
1040,1,1040,33.419572,0,12,1343.314697,547.567017,0.034000,0.102000,0.000000
1040,1,1040,33.419572,0,13,1379.586304,547.336365,0.068000,0.102000,0.000000
1040,1,1040,33.419572,0,14,1414.717163,547.358521,0.102000,0.102000,0.000000
1040,1,1040,33.419572,0,15,1449.291260,547.639526,0.136000,0.102000,0.000000
1040,1,1040,33.419572,0,16,1483.806519,548.087891,0.170000,0.102000,0.000000
1040,1,1040,33.419572,0,17,1517.421387,547.788147,0.204000,0.102000,0.000000
1040,1,1040,33.419572,0,18,1343.357910,584.015320,0.034000,0.136000,0.000000
1040,1,1040,33.419572,0,19,1379.670898,584.700623,0.068000,0.136000,0.000000
1040,1,1040,33.419572,0,20,1414.098999,584.494873,0.102000,0.136000,0.000000
1040,1,1040,33.419572,0,21,1449.679199,585.197327,0.136000,0.136000,0.000000
1040,1,1040,33.419572,0,22,1483.266724,584.663879,0.170000,0.136000,0.000000
1040,1,1040,33.419572,0,23,1518.661743,584.360840,0.204000,0.136000,0.000000
1045,0,1045,33.580243,0,0,338.636627,318.494110,0.034000,0.034000,0.000000
1045,0,1045,33.580243,0,3,441.377045,313.508759,0.136000,0.034000,0.000000
1045,0,1045,33.580243,0,4,475.041412,311.099365,0.170000,0.034000,0.000000
1045,0,1045,33.580243,0,5,508.228424,309.754669,0.204000,0.034000,0.000000
1045,0,1045,33.580243,0,6,341.340179,351.734039,0.034000,0.068000,0.000000
1045,0,1045,33.580243,0,9,443.663300,345.608948,0.136000,0.068000,0.000000
1045,0,1045,33.580243,0,10,476.664215,344.706512,0.170000,0.068000,0.000000
1045,0,1045,33.580243,0,11,510.263733,342.542358,0.204000,0.068000,0.000000
1045,0,1045,33.580243,0,15,444.781250,379.818726,0.136000,0.102000,0.000000
1045,0,1045,33.580243,0,16,478.027802,378.298798,0.170000,0.102000,0.000000
1045,0,1045,33.580243,0,17,512.016602,376.673248,0.204000,0.102000,0.000000
1045,0,1045,33.580243,0,21,446.453278,413.381165,0.136000,0.136000,0.000000
1045,0,1045,33.580243,0,22,479.357391,410.579651,0.170000,0.136000,0.000000
1045,0,1045,33.580243,0,23,514.342224,408.507446,0.204000,0.136000,0.000000
1045,1,1045,33.580243,0,0,1337.567993,472.255615,0.034000,0.034000,0.000000
1045,1,1045,33.580243,0,3,1440.191528,472.652344,0.136000,0.034000,0.000000
1045,1,1045,33.580243,0,4,1473.316162,473.396454,0.170000,0.034000,0.000000
1045,1,1045,33.580243,0,5,1506.953003,473.186829,0.204000,0.034000,0.000000
1045,1,1045,33.580243,0,6,1338.095825,509.278046,0.034000,0.068000,0.000000
1045,1,1045,33.580243,0,9,1441.002441,509.252869,0.136000,0.068000,0.000000
1045,1,1045,33.580243,0,10,1473.908813,509.023163,0.170000,0.068000,0.000000
1045,1,1045,33.580243,0,11,1508.260132,508.571320,0.204000,0.068000,0.000000
1045,1,1045,33.580243,0,15,1441.549683,545.911316,0.136000,0.102000,0.000000
1045,1,1045,33.580243,0,16,1474.797607,545.828979,0.170000,0.102000,0.000000
1045,1,1045,33.580243,0,17,1508.332397,545.799927,0.204000,0.102000,0.000000
1045,1,1045,33.580243,0,21,1442.043335,582.825195,0.136000,0.136000,0.000000
1045,1,1045,33.580243,0,22,1474.256958,580.778198,0.170000,0.136000,0.000000
1045,1,1045,33.580243,0,23,1509.552490,581.228638,0.204000,0.136000,0.000000
1050,0,1050,33.740914,0,0,344.730347,319.438232,0.034000,0.034000,0.000000
1050,0,1050,33.740914,0,1,378.533722,316.921143,0.068000,0.034000,0.000000
1050,0,1050,33.740914,0,8,414.147217,348.720184,0.102000,0.068000,0.000000
1050,0,1050,33.740914,0,9,447.326843,346.703644,0.136000,0.068000,0.000000
1050,0,1050,33.740914,0,10,480.486023,345.453918,0.170000,0.068000,0.000000
1050,0,1050,33.740914,0,15,449.122803,379.653320,0.136000,0.102000,0.000000
1050,0,1050,33.740914,0,16,481.916199,378.207703,0.170000,0.102000,0.000000
1050,0,1050,33.740914,0,17,515.378357,376.773590,0.204000,0.102000,0.000000
1050,0,1050,33.740914,0,18,350.067749,417.249939,0.034000,0.136000,0.000000
1050,0,1050,33.740914,0,21,450.285522,413.086761,0.136000,0.136000,0.000000
1050,1,1050,33.740914,0,0,1328.176025,470.524475,0.034000,0.034000,0.000000
1050,1,1050,33.740914,0,1,1362.021362,470.584381,0.068000,0.034000,0.000000
1050,1,1050,33.740914,0,8,1396.128784,507.066254,0.102000,0.068000,0.000000
1050,1,1050,33.740914,0,9,1429.012451,507.458862,0.136000,0.068000,0.000000
1050,1,1050,33.740914,0,10,1462.399658,507.358398,0.170000,0.068000,0.000000
1050,1,1050,33.740914,0,15,1430.207031,543.114502,0.136000,0.102000,0.000000
1050,1,1050,33.740914,0,16,1463.009399,543.264160,0.170000,0.102000,0.000000
1050,1,1050,33.740914,0,17,1495.232666,543.040833,0.204000,0.102000,0.000000
1050,1,1050,33.740914,0,18,1330.890869,579.786194,0.034000,0.136000,0.000000
1050,1,1050,33.740914,0,21,1431.250732,579.093933,0.136000,0.136000,0.000000
1055,0,1055,33.901585,0,2,418.732147,315.388306,0.102000,0.034000,0.000000
1055,0,1055,33.901585,0,3,451.360962,314.545959,0.136000,0.034000,0.000000
1055,0,1055,33.901585,0,4,483.289764,313.603241,0.170000,0.034000,0.000000
1055,0,1055,33.901585,0,5,516.551453,311.602325,0.204000,0.034000,0.000000
1055,0,1055,33.901585,0,6,354.660187,352.086823,0.034000,0.068000,0.000000
1055,0,1055,33.901585,0,7,387.880524,348.769836,0.068000,0.068000,0.000000
1055,0,1055,33.901585,0,8,420.539093,348.605621,0.102000,0.068000,0.000000
1055,0,1055,33.901585,0,9,453.172455,346.538940,0.136000,0.068000,0.000000
1055,0,1055,33.901585,0,10,485.684753,345.223206,0.170000,0.068000,0.000000
1055,0,1055,33.901585,0,11,518.365234,342.716736,0.204000,0.068000,0.000000
1055,0,1055,33.901585,0,12,355.362610,384.109375,0.034000,0.102000,0.000000
1055,0,1055,33.901585,0,13,388.822113,382.132263,0.068000,0.102000,0.000000
1055,0,1055,33.901585,0,14,422.310791,380.361908,0.102000,0.102000,0.000000
1055,0,1055,33.901585,0,15,454.793762,379.294525,0.136000,0.102000,0.000000
1055,0,1055,33.901585,0,16,487.584686,377.395538,0.170000,0.102000,0.000000
1055,0,1055,33.901585,0,18,356.501587,415.742157,0.034000,0.136000,0.000000
1055,0,1055,33.901585,0,19,390.431671,415.016937,0.068000,0.136000,0.000000
1055,0,1055,33.901585,0,22,487.971649,408.661346,0.170000,0.136000,0.000000
1055,1,1055,33.901585,0,2,1389.693237,469.339722,0.102000,0.034000,0.000000
1055,1,1055,33.901585,0,3,1422.552124,469.477173,0.136000,0.034000,0.000000
1055,1,1055,33.901585,0,4,1454.510498,470.071625,0.170000,0.034000,0.000000
1055,1,1055,33.901585,0,5,1486.167236,469.700623,0.204000,0.034000,0.000000
1055,1,1055,33.901585,0,6,1325.171631,504.406738,0.034000,0.068000,0.000000
1055,1,1055,33.901585,0,7,1358.936157,503.530609,0.068000,0.068000,0.000000
1055,1,1055,33.901585,0,8,1392.000977,506.059387,0.102000,0.068000,0.000000
1055,1,1055,33.901585,0,9,1423.364258,505.215118,0.136000,0.068000,0.000000
1055,1,1055,33.901585,0,10,1456.291138,505.520477,0.170000,0.068000,0.000000
1055,1,1055,33.901585,0,11,1487.660156,504.582733,0.204000,0.068000,0.000000
1055,1,1055,33.901585,0,12,1325.463745,540.421387,0.034000,0.102000,0.000000
1055,1,1055,33.901585,0,13,1358.760986,540.206299,0.068000,0.102000,0.000000
1055,1,1055,33.901585,0,14,1392.080322,539.701355,0.102000,0.102000,0.000000
1055,1,1055,33.901585,0,15,1423.732056,539.769104,0.136000,0.102000,0.000000
1055,1,1055,33.901585,0,16,1456.726685,539.988831,0.170000,0.102000,0.000000
1055,1,1055,33.901585,0,18,1324.790283,575.345459,0.034000,0.136000,0.000000
1055,1,1055,33.901585,0,19,1359.574219,575.724060,0.068000,0.136000,0.000000
1055,1,1055,33.901585,0,22,1456.747192,575.401489,0.170000,0.136000,0.000000
1060,0,1060,34.062256,0,0,358.691437,318.983459,0.034000,0.034000,0.000000
1060,0,1060,34.062256,0,3,456.949585,315.318390,0.136000,0.034000,0.000000
1060,0,1060,34.062256,0,6,361.127930,351.386841,0.034000,0.068000,0.000000
1060,0,1060,34.062256,0,9,458.215454,348.042236,0.136000,0.068000,0.000000
1060,0,1060,34.062256,0,10,491.351440,346.650909,0.170000,0.068000,0.000000
1060,0,1060,34.062256,0,11,523.524719,344.197876,0.204000,0.068000,0.000000
1060,0,1060,34.062256,0,12,361.368744,383.682678,0.034000,0.102000,0.000000
1060,0,1060,34.062256,0,13,394.625793,382.030579,0.068000,0.102000,0.000000
1060,0,1060,34.062256,0,14,427.627014,380.667480,0.102000,0.102000,0.000000
1060,0,1060,34.062256,0,15,459.822693,379.514465,0.136000,0.102000,0.000000
1060,0,1060,34.062256,0,16,492.325439,378.360504,0.170000,0.102000,0.000000
1060,0,1060,34.062256,0,17,524.532837,377.438965,0.204000,0.102000,0.000000
1060,0,1060,34.062256,0,18,362.503784,414.810913,0.034000,0.136000,0.000000
1060,0,1060,34.062256,0,19,395.739502,414.688171,0.068000,0.136000,0.000000
1060,1,1060,34.062256,0,0,1321.455811,467.595062,0.034000,0.034000,0.000000
1060,1,1060,34.062256,0,3,1419.818970,469.238770,0.136000,0.034000,0.000000
1060,1,1060,34.062256,0,6,1322.628662,503.426483,0.034000,0.068000,0.000000
1060,1,1060,34.062256,0,9,1420.653687,503.918030,0.136000,0.068000,0.000000
1060,1,1060,34.062256,0,10,1452.775879,505.611938,0.170000,0.068000,0.000000
1060,1,1060,34.062256,0,11,1484.597168,504.438782,0.204000,0.068000,0.000000
1060,1,1060,34.062256,0,12,1321.564331,539.231445,0.034000,0.102000,0.000000
1060,1,1060,34.062256,0,13,1355.240234,539.093201,0.068000,0.102000,0.000000
1060,1,1060,34.062256,0,14,1388.432983,538.708496,0.102000,0.102000,0.000000
1060,1,1060,34.062256,0,15,1420.613892,539.660095,0.136000,0.102000,0.000000
1060,1,1060,34.062256,0,16,1452.776245,539.697754,0.170000,0.102000,0.000000
1060,1,1060,34.062256,0,17,1483.776367,539.876587,0.204000,0.102000,0.000000
1060,1,1060,34.062256,0,18,1321.615845,573.421326,0.034000,0.136000,0.000000
1060,1,1060,34.062256,0,19,1355.532349,573.691833,0.068000,0.136000,0.000000
1065,0,1065,34.222927,0,0,362.567535,318.044312,0.034000,0.034000,0.000000
1065,0,1065,34.222927,0,5,525.053711,312.955292,0.204000,0.034000,0.000000
1065,0,1065,34.222927,0,6,364.660950,349.298126,0.034000,0.068000,0.000000
1065,0,1065,34.222927,0,11,526.460205,344.652283,0.204000,0.068000,0.000000
1065,0,1065,34.222927,0,12,365.608856,381.742523,0.034000,0.102000,0.000000
1065,0,1065,34.222927,0,15,462.933258,378.634186,0.136000,0.102000,0.000000
1065,0,1065,34.222927,0,16,495.434570,377.765503,0.170000,0.102000,0.000000
1065,0,1065,34.222927,0,17,527.528992,376.881165,0.204000,0.102000,0.000000
1065,0,1065,34.222927,0,21,464.375671,410.720520,0.136000,0.136000,0.000000
1065,0,1065,34.222927,0,22,496.175781,409.354523,0.170000,0.136000,0.000000
1065,0,1065,34.222927,0,23,528.902222,408.393799,0.204000,0.136000,0.000000
1065,1,1065,34.222927,0,0,1321.575317,465.589844,0.034000,0.034000,0.000000
1065,1,1065,34.222927,0,5,1483.357544,470.087036,0.204000,0.034000,0.000000
1065,1,1065,34.222927,0,6,1322.187378,500.451324,0.034000,0.068000,0.000000
1065,1,1065,34.222927,0,11,1483.492554,504.528076,0.204000,0.068000,0.000000
1065,1,1065,34.222927,0,12,1321.387573,536.039001,0.034000,0.102000,0.000000
1065,1,1065,34.222927,0,15,1419.075806,537.770142,0.136000,0.102000,0.000000
1065,1,1065,34.222927,0,16,1451.196289,539.323669,0.170000,0.102000,0.000000
1065,1,1065,34.222927,0,17,1482.843018,539.717712,0.204000,0.102000,0.000000
1065,1,1065,34.222927,0,21,1419.436768,572.708618,0.136000,0.136000,0.000000
1065,1,1065,34.222927,0,22,1449.959839,572.786682,0.170000,0.136000,0.000000
1065,1,1065,34.222927,0,23,1483.316284,572.912598,0.204000,0.136000,0.000000
1070,0,1070,34.383598,0,0,366.740662,316.783966,0.034000,0.034000,0.000000
1070,0,1070,34.383598,0,1,398.960846,315.342499,0.068000,0.034000,0.000000
1070,0,1070,34.383598,0,6,368.873138,349.258026,0.034000,0.068000,0.000000
1070,0,1070,34.383598,0,7,401.535706,347.311890,0.068000,0.068000,0.000000
1070,0,1070,34.383598,0,10,497.560303,345.280548,0.170000,0.068000,0.000000
1070,0,1070,34.383598,0,11,529.947510,343.718781,0.204000,0.068000,0.000000
1070,0,1070,34.383598,0,12,368.758759,381.708130,0.034000,0.102000,0.000000
1070,0,1070,34.383598,0,13,401.516510,379.545837,0.068000,0.102000,0.000000
1070,0,1070,34.383598,0,16,499.053070,377.131531,0.170000,0.102000,0.000000
1070,0,1070,34.383598,0,17,530.661499,376.389893,0.204000,0.102000,0.000000
1070,0,1070,34.383598,0,18,369.862671,412.597076,0.034000,0.136000,0.000000
1070,0,1070,34.383598,0,19,403.318970,412.163391,0.068000,0.136000,0.000000
1070,0,1070,34.383598,0,20,434.827789,410.202942,0.102000,0.136000,0.000000
1070,0,1070,34.383598,0,21,467.287689,410.325684,0.136000,0.136000,0.000000
1070,0,1070,34.383598,0,22,498.509003,408.109741,0.170000,0.136000,0.000000
1070,0,1070,34.383598,0,23,532.140503,407.167908,0.204000,0.136000,0.000000
1070,1,1070,34.383598,0,0,1324.462402,465.305328,0.034000,0.034000,0.000000
1070,1,1070,34.383598,0,1,1357.900146,465.602203,0.068000,0.034000,0.000000
1070,1,1070,34.383598,0,6,1325.248413,500.170746,0.034000,0.068000,0.000000
1070,1,1070,34.383598,0,7,1358.179443,500.081818,0.068000,0.068000,0.000000
1070,1,1070,34.383598,0,10,1454.333130,503.585693,0.170000,0.068000,0.000000
1070,1,1070,34.383598,0,11,1486.433838,503.389130,0.204000,0.068000,0.000000
1070,1,1070,34.383598,0,12,1323.544556,535.527527,0.034000,0.102000,0.000000
1070,1,1070,34.383598,0,13,1356.787720,535.730103,0.068000,0.102000,0.000000
1070,1,1070,34.383598,0,16,1454.066406,537.809265,0.170000,0.102000,0.000000
1070,1,1070,34.383598,0,17,1485.230591,539.255127,0.204000,0.102000,0.000000
1070,1,1070,34.383598,0,18,1322.437988,569.528564,0.034000,0.136000,0.000000
1070,1,1070,34.383598,0,19,1355.704468,571.270752,0.068000,0.136000,0.000000
1070,1,1070,34.383598,0,20,1388.499268,571.348999,0.102000,0.136000,0.000000
1070,1,1070,34.383598,0,21,1421.169678,572.121948,0.136000,0.136000,0.000000
1070,1,1070,34.383598,0,22,1452.479126,572.476562,0.170000,0.136000,0.000000
1070,1,1070,34.383598,0,23,1485.481201,572.742371,0.204000,0.136000,0.000000
1110,0,1110,35.668966,0,0,374.134277,317.525146,0.034000,0.034000,0.000000
1110,0,1110,35.668966,0,1,406.597229,316.576050,0.068000,0.034000,0.000000
1110,0,1110,35.668966,0,2,438.768005,315.671692,0.102000,0.034000,0.000000
1110,0,1110,35.668966,0,18,376.475250,412.322876,0.034000,0.136000,0.000000
1110,0,1110,35.668966,0,21,472.806000,410.606812,0.136000,0.136000,0.000000
1110,0,1110,35.668966,0,22,503.434204,408.867737,0.170000,0.136000,0.000000
1110,0,1110,35.668966,0,23,536.571899,408.804321,0.204000,0.136000,0.000000
1110,1,1110,35.668966,0,0,1325.499878,465.091675,0.034000,0.034000,0.000000
1110,1,1110,35.668966,0,1,1359.791870,465.573761,0.068000,0.034000,0.000000
1110,1,1110,35.668966,0,2,1392.928589,466.811218,0.102000,0.034000,0.000000
1110,1,1110,35.668966,0,18,1322.192017,568.588135,0.034000,0.136000,0.000000
1110,1,1110,35.668966,0,21,1422.047485,572.637756,0.136000,0.136000,0.000000
1110,1,1110,35.668966,0,22,1452.629150,571.817383,0.170000,0.136000,0.000000
1110,1,1110,35.668966,0,23,1487.426880,573.690125,0.204000,0.136000,0.000000
1115,0,1115,35.829637,0,0,374.705658,316.439636,0.034000,0.034000,0.000000
1115,0,1115,35.829637,0,3,470.674561,313.991516,0.136000,0.034000,0.000000
1115,0,1115,35.829637,0,6,375.749969,347.711487,0.034000,0.068000,0.000000
1115,0,1115,35.829637,0,9,471.720551,345.632477,0.136000,0.068000,0.000000
1115,0,1115,35.829637,0,10,502.741089,344.349640,0.170000,0.068000,0.000000
1115,0,1115,35.829637,0,11,535.522278,343.769348,0.204000,0.068000,0.000000
1115,0,1115,35.829637,0,13,408.380554,378.656616,0.068000,0.102000,0.000000
1115,0,1115,35.829637,0,14,441.242218,378.032104,0.102000,0.102000,0.000000
1115,0,1115,35.829637,0,15,472.563568,377.343719,0.136000,0.102000,0.000000
1115,0,1115,35.829637,0,16,504.603424,376.527588,0.170000,0.102000,0.000000
1115,0,1115,35.829637,0,19,410.093567,410.603668,0.068000,0.136000,0.000000
1115,0,1115,35.829637,0,20,441.379425,409.663849,0.102000,0.136000,0.000000
1115,0,1115,35.829637,0,21,473.329803,409.350525,0.136000,0.136000,0.000000
1115,0,1115,35.829637,0,22,504.560669,407.713104,0.170000,0.136000,0.000000
1115,1,1115,35.829637,0,0,1324.553101,463.340027,0.034000,0.034000,0.000000
1115,1,1115,35.829637,0,3,1422.725464,466.587433,0.136000,0.034000,0.000000
1115,1,1115,35.829637,0,6,1324.230835,498.176666,0.034000,0.068000,0.000000
1115,1,1115,35.829637,0,9,1421.559448,502.015015,0.136000,0.068000,0.000000
1115,1,1115,35.829637,0,10,1455.230469,503.128693,0.170000,0.068000,0.000000
1115,1,1115,35.829637,0,11,1486.998169,503.146057,0.204000,0.068000,0.000000
1115,1,1115,35.829637,0,13,1355.744751,533.727661,0.068000,0.102000,0.000000
1115,1,1115,35.829637,0,14,1388.651978,534.818848,0.102000,0.102000,0.000000
1115,1,1115,35.829637,0,15,1420.846069,535.753357,0.136000,0.102000,0.000000
1115,1,1115,35.829637,0,16,1453.487305,537.036682,0.170000,0.102000,0.000000
1115,1,1115,35.829637,0,19,1354.390503,569.102966,0.068000,0.136000,0.000000
1115,1,1115,35.829637,0,20,1386.748657,569.038696,0.102000,0.136000,0.000000
1115,1,1115,35.829637,0,21,1419.875610,571.155029,0.136000,0.136000,0.000000
1115,1,1115,35.829637,0,22,1451.907104,571.069458,0.170000,0.136000,0.000000
1120,0,1120,35.990308,0,6,376.726471,346.275726,0.034000,0.068000,0.000000
1120,0,1120,35.990308,0,7,408.792572,345.240234,0.068000,0.068000,0.000000
1120,0,1120,35.990308,0,10,504.359711,343.760315,0.170000,0.068000,0.000000
1120,0,1120,35.990308,0,11,536.316223,342.106812,0.204000,0.068000,0.000000
1120,0,1120,35.990308,0,12,376.560699,378.813110,0.034000,0.102000,0.000000
1120,0,1120,35.990308,0,13,409.315338,377.373108,0.068000,0.102000,0.000000
1120,0,1120,35.990308,0,16,505.113495,375.407806,0.170000,0.102000,0.000000
1120,0,1120,35.990308,0,17,536.441956,374.324371,0.204000,0.102000,0.000000
1120,0,1120,35.990308,0,18,377.446960,409.454010,0.034000,0.136000,0.000000
1120,0,1120,35.990308,0,19,410.405792,408.904449,0.068000,0.136000,0.000000
1120,0,1120,35.990308,0,20,442.334839,408.520142,0.102000,0.136000,0.000000
1120,0,1120,35.990308,0,21,475.077484,406.480133,0.136000,0.136000,0.000000
1120,0,1120,35.990308,0,22,504.554321,406.114716,0.170000,0.136000,0.000000
1120,0,1120,35.990308,0,23,537.648743,405.338837,0.204000,0.136000,0.000000
1120,1,1120,35.990308,0,6,1322.326294,495.802277,0.034000,0.068000,0.000000
1120,1,1120,35.990308,0,10,1451.436523,500.514496,0.170000,0.068000,0.000000
1120,1,1120,35.990308,0,11,1483.546631,500.560577,0.204000,0.068000,0.000000
1120,1,1120,35.990308,0,12,1320.359131,530.542480,0.034000,0.102000,0.000000
1120,1,1120,35.990308,0,13,1353.086304,530.886353,0.068000,0.102000,0.000000
1120,1,1120,35.990308,0,16,1450.299438,534.477539,0.170000,0.102000,0.000000
1120,1,1120,35.990308,0,17,1481.895630,535.544373,0.204000,0.102000,0.000000
1120,1,1120,35.990308,0,18,1319.249756,564.381958,0.034000,0.136000,0.000000
1120,1,1120,35.990308,0,19,1352.403198,565.929504,0.068000,0.136000,0.000000
1120,1,1120,35.990308,0,20,1384.176758,566.058533,0.102000,0.136000,0.000000
1120,1,1120,35.990308,0,21,1417.178589,567.749451,0.136000,0.136000,0.000000
1120,1,1120,35.990308,0,22,1448.306763,568.134521,0.170000,0.136000,0.000000
1120,1,1120,35.990308,0,23,1481.573975,569.150146,0.204000,0.136000,0.000000
1125,0,1125,36.150979,0,6,377.432770,346.526245,0.034000,0.068000,0.000000
1125,0,1125,36.150979,0,7,410.392609,344.883728,0.068000,0.068000,0.000000
1125,0,1125,36.150979,0,8,442.368256,345.857605,0.102000,0.068000,0.000000
1125,0,1125,36.150979,0,11,537.381714,341.852142,0.204000,0.068000,0.000000
1125,0,1125,36.150979,0,12,377.463715,379.344208,0.034000,0.102000,0.000000
1125,0,1125,36.150979,0,13,410.228149,377.285797,0.068000,0.102000,0.000000
1125,0,1125,36.150979,0,14,442.494659,376.562073,0.102000,0.102000,0.000000
1125,0,1125,36.150979,0,15,474.297791,376.347626,0.136000,0.102000,0.000000
1125,0,1125,36.150979,0,16,506.202118,375.244110,0.170000,0.102000,0.000000
1125,0,1125,36.150979,0,17,537.416138,374.472229,0.204000,0.102000,0.000000
1125,0,1125,36.150979,0,18,379.097198,409.819275,0.034000,0.136000,0.000000
1125,0,1125,36.150979,0,19,410.953094,409.579529,0.068000,0.136000,0.000000
1125,0,1125,36.150979,0,20,442.697937,407.972900,0.102000,0.136000,0.000000
1125,0,1125,36.150979,0,21,475.397675,407.497772,0.136000,0.136000,0.000000
1125,0,1125,36.150979,0,22,506.356262,406.700073,0.170000,0.136000,0.000000
1125,0,1125,36.150979,0,23,538.725159,405.834564,0.204000,0.136000,0.000000
1125,1,1125,36.150979,0,6,1321.785889,496.277679,0.034000,0.068000,0.000000
1125,1,1125,36.150979,0,7,1354.773193,496.151917,0.068000,0.068000,0.000000
1125,1,1125,36.150979,0,8,1386.805420,498.496155,0.102000,0.068000,0.000000
1125,1,1125,36.150979,0,11,1482.834229,500.315491,0.204000,0.068000,0.000000
1125,1,1125,36.150979,0,12,1319.412476,530.960327,0.034000,0.102000,0.000000
1125,1,1125,36.150979,0,13,1352.601562,530.713623,0.068000,0.102000,0.000000
1125,1,1125,36.150979,0,14,1385.264526,531.857483,0.102000,0.102000,0.000000
1125,1,1125,36.150979,0,15,1417.664917,533.573669,0.136000,0.102000,0.000000
1125,1,1125,36.150979,0,16,1449.295532,534.429199,0.170000,0.102000,0.000000
1125,1,1125,36.150979,0,17,1480.986328,535.453491,0.204000,0.102000,0.000000
1125,1,1125,36.150979,0,18,1317.877930,563.649048,0.034000,0.136000,0.000000
1125,1,1125,36.150979,0,19,1351.749023,565.487976,0.068000,0.136000,0.000000
1125,1,1125,36.150979,0,20,1383.691406,565.983521,0.102000,0.136000,0.000000
1125,1,1125,36.150979,0,21,1416.682861,567.268494,0.136000,0.136000,0.000000
1125,1,1125,36.150979,0,22,1446.905273,567.194580,0.170000,0.136000,0.000000
1125,1,1125,36.150979,0,23,1480.851685,568.342590,0.204000,0.136000,0.000000
1130,0,1130,36.311650,0,6,378.717346,347.604279,0.034000,0.068000,0.000000
1130,0,1130,36.311650,0,12,378.558594,379.566650,0.034000,0.102000,0.000000
1130,0,1130,36.311650,0,13,410.630371,377.729431,0.068000,0.102000,0.000000
1130,0,1130,36.311650,0,14,443.245270,377.548462,0.102000,0.102000,0.000000
1130,0,1130,36.311650,0,15,474.757324,376.526276,0.136000,0.102000,0.000000
1130,0,1130,36.311650,0,18,379.544250,410.350311,0.034000,0.136000,0.000000
1130,0,1130,36.311650,0,19,412.323914,409.501343,0.068000,0.136000,0.000000
1130,0,1130,36.311650,0,22,506.470001,406.693451,0.170000,0.136000,0.000000
1130,1,1130,36.311650,0,6,1324.729858,497.033112,0.034000,0.068000,0.000000
1130,1,1130,36.311650,0,12,1322.853882,531.570068,0.034000,0.102000,0.000000
1130,1,1130,36.311650,0,13,1355.889160,532.279541,0.068000,0.102000,0.000000
1130,1,1130,36.311650,0,14,1389.359497,532.966858,0.102000,0.102000,0.000000
1130,1,1130,36.311650,0,15,1420.953003,534.651611,0.136000,0.102000,0.000000
1130,1,1130,36.311650,0,18,1321.699341,565.640198,0.034000,0.136000,0.000000
1130,1,1130,36.311650,0,19,1355.175415,566.611633,0.068000,0.136000,0.000000
1130,1,1130,36.311650,0,22,1451.451416,569.204529,0.170000,0.136000,0.000000
1135,0,1135,36.472321,0,0,376.866119,315.792419,0.034000,0.034000,0.000000
1135,0,1135,36.472321,0,1,409.424713,313.972198,0.068000,0.034000,0.000000
1135,0,1135,36.472321,0,2,442.770386,313.510834,0.102000,0.034000,0.000000
1135,0,1135,36.472321,0,5,537.657593,312.427063,0.204000,0.034000,0.000000
1135,0,1135,36.472321,0,6,378.989807,347.398743,0.034000,0.068000,0.000000
1135,0,1135,36.472321,0,7,411.423859,345.659546,0.068000,0.068000,0.000000
1135,0,1135,36.472321,0,8,443.559967,346.500610,0.102000,0.068000,0.000000
1135,0,1135,36.472321,0,11,538.245056,343.215424,0.204000,0.068000,0.000000
1135,0,1135,36.472321,0,12,378.858582,379.793488,0.034000,0.102000,0.000000
1135,0,1135,36.472321,0,15,475.567291,376.782837,0.136000,0.102000,0.000000
1135,0,1135,36.472321,0,16,507.371887,376.226959,0.170000,0.102000,0.000000
1135,0,1135,36.472321,0,17,538.762573,375.514191,0.204000,0.102000,0.000000
1135,0,1135,36.472321,0,18,379.823547,410.333801,0.034000,0.136000,0.000000
1135,0,1135,36.472321,0,21,476.329163,408.546906,0.136000,0.136000,0.000000
1135,0,1135,36.472321,0,22,507.398376,407.113647,0.170000,0.136000,0.000000
1135,0,1135,36.472321,0,23,539.883850,406.535370,0.204000,0.136000,0.000000
1135,1,1135,36.472321,0,0,1325.467407,462.513580,0.034000,0.034000,0.000000
1135,1,1135,36.472321,0,1,1358.620605,463.340912,0.068000,0.034000,0.000000
1135,1,1135,36.472321,0,2,1390.998901,464.732361,0.102000,0.034000,0.000000
1135,1,1135,36.472321,0,5,1486.865479,468.290588,0.204000,0.034000,0.000000
1135,1,1135,36.472321,0,6,1325.288208,497.144928,0.034000,0.068000,0.000000
1135,1,1135,36.472321,0,7,1358.696777,497.162903,0.068000,0.068000,0.000000
1135,1,1135,36.472321,0,8,1390.543335,499.531006,0.102000,0.068000,0.000000
1135,1,1135,36.472321,0,11,1486.296143,501.745056,0.204000,0.068000,0.000000
1135,1,1135,36.472321,0,12,1323.346069,531.527527,0.034000,0.102000,0.000000
1135,1,1135,36.472321,0,15,1421.130371,534.670349,0.136000,0.102000,0.000000
1135,1,1135,36.472321,0,16,1453.312988,536.076538,0.170000,0.102000,0.000000
1135,1,1135,36.472321,0,17,1484.577881,536.715332,0.204000,0.102000,0.000000
1135,1,1135,36.472321,0,18,1321.711182,565.592529,0.034000,0.136000,0.000000
1135,1,1135,36.472321,0,21,1419.811890,569.265991,0.136000,0.136000,0.000000
1135,1,1135,36.472321,0,22,1451.162109,568.913696,0.170000,0.136000,0.000000
1135,1,1135,36.472321,0,23,1484.446411,570.319763,0.204000,0.136000,0.000000
1140,0,1140,36.632992,0,3,473.869843,313.694885,0.136000,0.034000,0.000000
1140,0,1140,36.632992,0,9,475.425537,344.505127,0.136000,0.068000,0.000000
1140,0,1140,36.632992,0,10,506.559631,344.373138,0.170000,0.068000,0.000000
1140,0,1140,36.632992,0,11,538.652893,342.947021,0.204000,0.068000,0.000000
1140,0,1140,36.632992,0,12,378.649872,379.891815,0.034000,0.102000,0.000000
1140,0,1140,36.632992,0,13,411.483276,377.879669,0.068000,0.102000,0.000000
1140,0,1140,36.632992,0,14,444.392792,376.909210,0.102000,0.102000,0.000000
1140,0,1140,36.632992,0,15,475.417999,376.719635,0.136000,0.102000,0.000000
1140,0,1140,36.632992,0,16,507.432312,376.166687,0.170000,0.102000,0.000000
1140,0,1140,36.632992,0,17,538.612427,375.376465,0.204000,0.102000,0.000000
1140,0,1140,36.632992,0,18,380.407104,410.523163,0.034000,0.136000,0.000000
1140,0,1140,36.632992,0,19,413.169952,409.763947,0.068000,0.136000,0.000000
1140,0,1140,36.632992,0,20,444.225708,408.772675,0.102000,0.136000,0.000000
1140,0,1140,36.632992,0,21,476.225983,408.716125,0.136000,0.136000,0.000000
1140,1,1140,36.632992,0,3,1423.649170,465.830933,0.136000,0.034000,0.000000
1140,1,1140,36.632992,0,9,1422.764526,500.012482,0.136000,0.068000,0.000000
1140,1,1140,36.632992,0,10,1454.679443,501.613983,0.170000,0.068000,0.000000
1140,1,1140,36.632992,0,11,1486.129395,502.300995,0.204000,0.068000,0.000000
1140,1,1140,36.632992,0,12,1323.239380,531.935608,0.034000,0.102000,0.000000
1140,1,1140,36.632992,0,13,1356.202148,532.578491,0.068000,0.102000,0.000000
1140,1,1140,36.632992,0,14,1389.512695,533.344482,0.102000,0.102000,0.000000
1140,1,1140,36.632992,0,15,1420.970825,534.744995,0.136000,0.102000,0.000000
1140,1,1140,36.632992,0,16,1453.136475,536.250183,0.170000,0.102000,0.000000
1140,1,1140,36.632992,0,17,1485.008545,537.234558,0.204000,0.102000,0.000000
1140,1,1140,36.632992,0,18,1321.776001,565.623901,0.034000,0.136000,0.000000
1140,1,1140,36.632992,0,19,1355.304321,566.803101,0.068000,0.136000,0.000000
1140,1,1140,36.632992,0,20,1387.228882,567.436523,0.102000,0.136000,0.000000
1140,1,1140,36.632992,0,21,1419.921997,569.042175,0.136000,0.136000,0.000000
1145,0,1145,36.793663,0,0,377.619537,316.020020,0.034000,0.034000,0.000000
1145,0,1145,36.793663,0,6,379.587738,347.571259,0.034000,0.068000,0.000000
1145,0,1145,36.793663,0,12,379.377075,380.053284,0.034000,0.102000,0.000000
1145,0,1145,36.793663,0,13,412.217499,378.245819,0.068000,0.102000,0.000000
1145,0,1145,36.793663,0,15,476.099548,376.926422,0.136000,0.102000,0.000000
1145,0,1145,36.793663,0,16,507.720062,376.417511,0.170000,0.102000,0.000000
1145,0,1145,36.793663,0,17,539.181213,375.597198,0.204000,0.102000,0.000000
1145,0,1145,36.793663,0,18,380.462006,410.353424,0.034000,0.136000,0.000000
1145,0,1145,36.793663,0,19,412.849091,410.329437,0.068000,0.136000,0.000000
1145,0,1145,36.793663,0,22,507.565887,406.993378,0.170000,0.136000,0.000000
1145,0,1145,36.793663,0,23,540.316956,407.057617,0.204000,0.136000,0.000000
1145,1,1145,36.793663,0,0,1325.695923,462.574127,0.034000,0.034000,0.000000
1145,1,1145,36.793663,0,6,1325.558472,497.406128,0.034000,0.068000,0.000000
1145,1,1145,36.793663,0,12,1323.502441,532.101868,0.034000,0.102000,0.000000
1145,1,1145,36.793663,0,13,1356.717529,532.726624,0.068000,0.102000,0.000000
1145,1,1145,36.793663,0,14,1389.036621,534.076660,0.102000,0.102000,0.000000
1145,1,1145,36.793663,0,15,1421.625610,534.945374,0.136000,0.102000,0.000000
1145,1,1145,36.793663,0,16,1453.799683,535.922913,0.170000,0.102000,0.000000
1145,1,1145,36.793663,0,17,1484.653809,536.940186,0.204000,0.102000,0.000000
1145,1,1145,36.793663,0,18,1322.279541,565.639526,0.034000,0.136000,0.000000
1145,1,1145,36.793663,0,19,1355.371704,567.226562,0.068000,0.136000,0.000000
1145,1,1145,36.793663,0,22,1451.671997,569.502075,0.170000,0.136000,0.000000
1145,1,1145,36.793663,0,23,1484.176514,571.043457,0.204000,0.136000,0.000000
1150,0,1150,36.954334,0,0,378.240173,316.118927,0.034000,0.034000,0.000000
1150,0,1150,36.954334,0,5,538.508972,312.892120,0.204000,0.034000,0.000000
1150,0,1150,36.954334,0,6,379.296783,347.577454,0.034000,0.068000,0.000000
1150,0,1150,36.954334,0,11,539.109070,343.588501,0.204000,0.068000,0.000000
1150,0,1150,36.954334,0,15,476.430969,377.704559,0.136000,0.102000,0.000000
1150,0,1150,36.954334,0,16,508.224335,376.626221,0.170000,0.102000,0.000000
1150,0,1150,36.954334,0,17,538.704895,375.469330,0.204000,0.102000,0.000000
1150,0,1150,36.954334,0,21,476.649170,409.353424,0.136000,0.136000,0.000000
1150,0,1150,36.954334,0,22,508.184357,407.597900,0.170000,0.136000,0.000000
1150,0,1150,36.954334,0,23,540.847473,406.733185,0.204000,0.136000,0.000000
1150,1,1150,36.954334,0,0,1326.716553,462.853790,0.034000,0.034000,0.000000
1150,1,1150,36.954334,0,5,1488.491333,469.620361,0.204000,0.034000,0.000000
1150,1,1150,36.954334,0,6,1325.651489,497.581512,0.034000,0.068000,0.000000
1150,1,1150,36.954334,0,11,1487.643921,502.323792,0.204000,0.068000,0.000000
1150,1,1150,36.954334,0,15,1422.147949,535.564392,0.136000,0.102000,0.000000
1150,1,1150,36.954334,0,16,1454.135010,536.326355,0.170000,0.102000,0.000000
1150,1,1150,36.954334,0,17,1485.361206,537.512695,0.204000,0.102000,0.000000
1150,1,1150,36.954334,0,21,1420.609741,569.928528,0.136000,0.136000,0.000000
1150,1,1150,36.954334,0,22,1451.583618,569.852417,0.170000,0.136000,0.000000
1155,0,1155,37.115005,0,0,377.936096,317.115570,0.034000,0.034000,0.000000
1155,0,1155,37.115005,0,1,410.451416,315.470734,0.068000,0.034000,0.000000
1155,0,1155,37.115005,0,2,443.204315,315.265778,0.102000,0.034000,0.000000
1155,0,1155,37.115005,0,3,474.678741,314.761353,0.136000,0.034000,0.000000
1155,0,1155,37.115005,0,6,379.543304,348.525116,0.034000,0.068000,0.000000
1155,0,1155,37.115005,0,7,412.365784,346.793640,0.068000,0.068000,0.000000
1155,0,1155,37.115005,0,10,507.284424,345.601837,0.170000,0.068000,0.000000
1155,0,1155,37.115005,0,11,539.138672,344.775513,0.204000,0.068000,0.000000
1155,0,1155,37.115005,0,12,379.472168,381.301788,0.034000,0.102000,0.000000
1155,0,1155,37.115005,0,13,412.036102,378.967926,0.068000,0.102000,0.000000
1155,0,1155,37.115005,0,17,539.160583,376.430084,0.204000,0.102000,0.000000
1155,0,1155,37.115005,0,18,380.470001,411.273590,0.034000,0.136000,0.000000
1155,0,1155,37.115005,0,19,413.107025,411.337067,0.068000,0.136000,0.000000
1155,1,1155,37.115005,0,0,1326.725220,463.446106,0.034000,0.034000,0.000000
1155,1,1155,37.115005,0,1,1359.846313,464.616302,0.068000,0.034000,0.000000
1155,1,1155,37.115005,0,2,1391.659668,466.338837,0.102000,0.034000,0.000000
1155,1,1155,37.115005,0,3,1424.488281,467.445465,0.136000,0.034000,0.000000
1155,1,1155,37.115005,0,6,1326.542969,498.554321,0.034000,0.068000,0.000000
1155,1,1155,37.115005,0,10,1454.729492,502.916473,0.170000,0.068000,0.000000
1155,1,1155,37.115005,0,11,1487.708618,503.348785,0.204000,0.068000,0.000000
1155,1,1155,37.115005,0,12,1323.501953,533.571350,0.034000,0.102000,0.000000
1155,1,1155,37.115005,0,13,1356.562622,533.644409,0.068000,0.102000,0.000000
1155,1,1155,37.115005,0,17,1485.686890,538.577881,0.204000,0.102000,0.000000
1155,1,1155,37.115005,0,18,1322.375000,566.900330,0.034000,0.136000,0.000000
1155,1,1155,37.115005,0,19,1356.041138,568.341492,0.068000,0.136000,0.000000
1160,0,1160,37.275676,0,0,378.118134,317.295654,0.034000,0.034000,0.000000
1160,0,1160,37.275676,0,1,410.754120,315.383331,0.068000,0.034000,0.000000
1160,0,1160,37.275676,0,2,443.575287,315.203247,0.102000,0.034000,0.000000
1160,0,1160,37.275676,0,3,475.105011,314.412231,0.136000,0.034000,0.000000
1160,0,1160,37.275676,0,4,506.800934,314.322815,0.170000,0.034000,0.000000
1160,0,1160,37.275676,0,5,538.465332,313.320404,0.204000,0.034000,0.000000
1160,0,1160,37.275676,0,6,379.805359,348.305969,0.034000,0.068000,0.000000
1160,0,1160,37.275676,0,7,412.761017,346.696533,0.068000,0.068000,0.000000
1160,0,1160,37.275676,0,8,445.070709,347.819458,0.102000,0.068000,0.000000
1160,0,1160,37.275676,0,9,476.332031,346.364624,0.136000,0.068000,0.000000
1160,0,1160,37.275676,0,10,507.980072,346.219116,0.170000,0.068000,0.000000
1160,0,1160,37.275676,0,11,539.831543,344.441315,0.204000,0.068000,0.000000
1160,0,1160,37.275676,0,12,379.550201,381.359497,0.034000,0.102000,0.000000
1160,0,1160,37.275676,0,15,476.359314,377.813538,0.136000,0.102000,0.000000
1160,0,1160,37.275676,0,16,508.451233,377.475128,0.170000,0.102000,0.000000
1160,0,1160,37.275676,0,17,540.177185,377.075043,0.204000,0.102000,0.000000
1160,0,1160,37.275676,0,18,380.584473,411.303101,0.034000,0.136000,0.000000
1160,0,1160,37.275676,0,21,477.232635,410.154144,0.136000,0.136000,0.000000
1160,1,1160,37.275676,0,0,1327.198853,463.785339,0.034000,0.034000,0.000000
1160,1,1160,37.275676,0,1,1360.876953,464.711945,0.068000,0.034000,0.000000
1160,1,1160,37.275676,0,2,1393.432617,466.112244,0.102000,0.034000,0.000000
1160,1,1160,37.275676,0,3,1425.516602,467.341644,0.136000,0.034000,0.000000
1160,1,1160,37.275676,0,4,1457.657837,468.683960,0.170000,0.034000,0.000000
1160,1,1160,37.275676,0,5,1488.510620,469.941071,0.204000,0.034000,0.000000
1160,1,1160,37.275676,0,6,1327.277222,498.549255,0.034000,0.068000,0.000000
1160,1,1160,37.275676,0,7,1360.666626,498.083191,0.068000,0.068000,0.000000
1160,1,1160,37.275676,0,8,1392.903198,501.505493,0.102000,0.068000,0.000000
1160,1,1160,37.275676,0,9,1424.281128,501.899292,0.136000,0.068000,0.000000
1160,1,1160,37.275676,0,10,1456.437622,503.377808,0.170000,0.068000,0.000000
1160,1,1160,37.275676,0,11,1488.338257,503.780212,0.204000,0.068000,0.000000
1160,1,1160,37.275676,0,12,1324.437500,533.723083,0.034000,0.102000,0.000000
1160,1,1160,37.275676,0,15,1422.856323,536.383179,0.136000,0.102000,0.000000
1160,1,1160,37.275676,0,16,1455.335815,537.428223,0.170000,0.102000,0.000000
1160,1,1160,37.275676,0,17,1486.426636,538.569763,0.204000,0.102000,0.000000
1160,1,1160,37.275676,0,18,1323.429077,567.161011,0.034000,0.136000,0.000000
1160,1,1160,37.275676,0,21,1421.317993,571.040344,0.136000,0.136000,0.000000
1165,0,1165,37.436347,0,2,442.808716,315.743011,0.102000,0.034000,0.000000
1165,0,1165,37.436347,0,3,475.620026,314.851562,0.136000,0.034000,0.000000
1165,0,1165,37.436347,0,6,380.582367,348.804718,0.034000,0.068000,0.000000
1165,0,1165,37.436347,0,7,412.976959,346.620911,0.068000,0.068000,0.000000
1165,0,1165,37.436347,0,8,444.648895,347.467804,0.102000,0.068000,0.000000
1165,0,1165,37.436347,0,9,476.552979,346.280731,0.136000,0.068000,0.000000
1165,0,1165,37.436347,0,10,508.160248,346.156250,0.170000,0.068000,0.000000
1165,0,1165,37.436347,0,11,540.048706,344.383911,0.204000,0.068000,0.000000
1165,0,1165,37.436347,0,12,380.346008,380.388489,0.034000,0.102000,0.000000
1165,0,1165,37.436347,0,15,477.469849,379.005310,0.136000,0.102000,0.000000
1165,0,1165,37.436347,0,16,508.627655,377.472046,0.170000,0.102000,0.000000
1165,0,1165,37.436347,0,17,540.104248,376.864349,0.204000,0.102000,0.000000
1165,0,1165,37.436347,0,18,380.257965,410.740387,0.034000,0.136000,0.000000
1165,0,1165,37.436347,0,21,477.538727,409.536774,0.136000,0.136000,0.000000
1165,0,1165,37.436347,0,22,508.449158,408.504181,0.170000,0.136000,0.000000
1165,0,1165,37.436347,0,23,541.563110,407.527374,0.204000,0.136000,0.000000
1165,1,1165,37.436347,0,2,1393.960327,465.941345,0.102000,0.034000,0.000000
1165,1,1165,37.436347,0,3,1426.498657,467.635315,0.136000,0.034000,0.000000
1165,1,1165,37.436347,0,6,1328.091675,498.572418,0.034000,0.068000,0.000000
1165,1,1165,37.436347,0,7,1360.841675,498.519623,0.068000,0.068000,0.000000
1165,1,1165,37.436347,0,8,1392.943726,500.716217,0.102000,0.068000,0.000000
1165,1,1165,37.436347,0,9,1425.488037,501.728455,0.136000,0.068000,0.000000
1165,1,1165,37.436347,0,10,1456.901733,503.484222,0.170000,0.068000,0.000000
1165,1,1165,37.436347,0,11,1490.097778,503.278351,0.204000,0.068000,0.000000
1165,1,1165,37.436347,0,12,1325.252808,533.450317,0.034000,0.102000,0.000000
1165,1,1165,37.436347,0,15,1424.031250,536.536438,0.136000,0.102000,0.000000
1165,1,1165,37.436347,0,16,1455.686890,537.746338,0.170000,0.102000,0.000000
1165,1,1165,37.436347,0,17,1487.227783,538.755981,0.204000,0.102000,0.000000
1165,1,1165,37.436347,0,18,1324.297363,567.284058,0.034000,0.136000,0.000000
1165,1,1165,37.436347,0,21,1421.708130,571.258911,0.136000,0.136000,0.000000
1165,1,1165,37.436347,0,22,1453.639404,571.145874,0.170000,0.136000,0.000000
1165,1,1165,37.436347,0,23,1486.455444,572.364441,0.204000,0.136000,0.000000
1170,0,1170,37.597018,0,9,477.195160,346.355164,0.136000,0.068000,0.000000
1170,0,1170,37.597018,0,10,508.119263,345.605743,0.170000,0.068000,0.000000
1170,0,1170,37.597018,0,11,540.753601,344.963318,0.204000,0.068000,0.000000
1170,0,1170,37.597018,0,12,380.137390,381.416656,0.034000,0.102000,0.000000
1170,0,1170,37.597018,0,15,477.356079,378.905121,0.136000,0.102000,0.000000
1170,0,1170,37.597018,0,16,508.948456,378.367035,0.170000,0.102000,0.000000
1170,0,1170,37.597018,0,17,540.487732,377.135040,0.204000,0.102000,0.000000
1170,0,1170,37.597018,0,18,381.219360,411.562073,0.034000,0.136000,0.000000
1170,0,1170,37.597018,0,21,477.760956,410.543884,0.136000,0.136000,0.000000
1170,1,1170,37.597018,0,9,1426.937500,502.424591,0.136000,0.068000,0.000000
1170,1,1170,37.597018,0,10,1458.649048,503.763214,0.170000,0.068000,0.000000
1170,1,1170,37.597018,0,11,1490.732300,504.549133,0.204000,0.068000,0.000000
1170,1,1170,37.597018,0,12,1326.886108,534.156677,0.034000,0.102000,0.000000
1170,1,1170,37.597018,0,15,1424.562866,536.908264,0.136000,0.102000,0.000000
1170,1,1170,37.597018,0,16,1457.168091,538.725037,0.170000,0.102000,0.000000
1170,1,1170,37.597018,0,17,1488.499268,539.281860,0.204000,0.102000,0.000000
1170,1,1170,37.597018,0,18,1325.420288,567.773621,0.034000,0.136000,0.000000
1170,1,1170,37.597018,0,21,1424.186157,571.625854,0.136000,0.136000,0.000000
1175,0,1175,37.757689,0,0,380.214447,317.272247,0.034000,0.034000,0.000000
1175,0,1175,37.757689,0,1,412.209473,315.598511,0.068000,0.034000,0.000000
1175,0,1175,37.757689,0,2,446.033905,314.815582,0.102000,0.034000,0.000000
1175,0,1175,37.757689,0,3,476.388214,314.811432,0.136000,0.034000,0.000000
1175,0,1175,37.757689,0,6,381.534363,349.179840,0.034000,0.068000,0.000000
1175,0,1175,37.757689,0,7,414.532806,347.256470,0.068000,0.068000,0.000000
1175,0,1175,37.757689,0,8,446.234619,348.302246,0.102000,0.068000,0.000000
1175,0,1175,37.757689,0,9,477.221436,347.423645,0.136000,0.068000,0.000000
1175,0,1175,37.757689,0,10,509.294312,346.379608,0.170000,0.068000,0.000000
1175,0,1175,37.757689,0,12,381.671143,381.401123,0.034000,0.102000,0.000000
1175,0,1175,37.757689,0,13,413.502991,379.510559,0.068000,0.102000,0.000000
1175,0,1175,37.757689,0,14,446.610596,379.525970,0.102000,0.102000,0.000000
1175,0,1175,37.757689,0,15,478.778351,379.575195,0.136000,0.102000,0.000000
1175,0,1175,37.757689,0,16,510.148041,378.551025,0.170000,0.102000,0.000000
1175,0,1175,37.757689,0,17,541.835266,377.637421,0.204000,0.102000,0.000000
1175,0,1175,37.757689,0,18,382.412140,412.356506,0.034000,0.136000,0.000000
1175,0,1175,37.757689,0,19,415.415100,411.646057,0.068000,0.136000,0.000000
1175,0,1175,37.757689,0,20,447.117004,411.341431,0.102000,0.136000,0.000000
1175,0,1175,37.757689,0,21,478.336517,411.490112,0.136000,0.136000,0.000000
1175,0,1175,37.757689,0,22,510.168579,409.516296,0.170000,0.136000,0.000000
1175,0,1175,37.757689,0,23,543.150269,408.602570,0.204000,0.136000,0.000000
1175,1,1175,37.757689,0,0,1331.528076,465.085754,0.034000,0.034000,0.000000
1175,1,1175,37.757689,0,1,1364.598877,465.408844,0.068000,0.034000,0.000000
1175,1,1175,37.757689,0,2,1398.244629,467.019196,0.102000,0.034000,0.000000
1175,1,1175,37.757689,0,3,1429.787842,468.410004,0.136000,0.034000,0.000000
1175,1,1175,37.757689,0,4,1461.503662,470.651733,0.170000,0.034000,0.000000
1175,1,1175,37.757689,0,6,1330.898315,499.589722,0.034000,0.068000,0.000000
1175,1,1175,37.757689,0,7,1364.816162,499.787476,0.068000,0.068000,0.000000
1175,1,1175,37.757689,0,8,1396.577759,502.387115,0.102000,0.068000,0.000000
1175,1,1175,37.757689,0,9,1429.263428,502.758850,0.136000,0.068000,0.000000
1175,1,1175,37.757689,0,10,1460.910889,504.800079,0.170000,0.068000,0.000000
1175,1,1175,37.757689,0,12,1329.250977,534.380859,0.034000,0.102000,0.000000
1175,1,1175,37.757689,0,13,1361.946533,535.209045,0.068000,0.102000,0.000000
1175,1,1175,37.757689,0,14,1395.345215,536.204102,0.102000,0.102000,0.000000
1175,1,1175,37.757689,0,15,1427.012817,537.598572,0.136000,0.102000,0.000000
1175,1,1175,37.757689,0,16,1459.313477,539.103882,0.170000,0.102000,0.000000
1175,1,1175,37.757689,0,17,1490.653809,539.908508,0.204000,0.102000,0.000000
1175,1,1175,37.757689,0,18,1327.592285,568.654907,0.034000,0.136000,0.000000
1175,1,1175,37.757689,0,19,1360.464600,570.091248,0.068000,0.136000,0.000000
1175,1,1175,37.757689,0,20,1392.436279,570.716614,0.102000,0.136000,0.000000
1175,1,1175,37.757689,0,21,1426.006836,572.073242,0.136000,0.136000,0.000000
1175,1,1175,37.757689,0,22,1457.003174,572.902283,0.170000,0.136000,0.000000
1175,1,1175,37.757689,0,23,1490.257690,573.423157,0.204000,0.136000,0.000000
1180,0,1180,37.918360,0,0,381.529083,316.162445,0.034000,0.034000,0.000000
1180,0,1180,37.918360,0,3,478.599823,314.424164,0.136000,0.034000,0.000000
1180,0,1180,37.918360,0,4,510.496643,314.276245,0.170000,0.034000,0.000000
1180,0,1180,37.918360,0,5,542.409485,313.259338,0.204000,0.034000,0.000000
1180,0,1180,37.918360,0,6,383.384766,347.917847,0.034000,0.068000,0.000000
1180,0,1180,37.918360,0,9,479.543762,346.256104,0.136000,0.068000,0.000000
1180,0,1180,37.918360,0,10,512.103943,346.456940,0.170000,0.068000,0.000000
1180,0,1180,37.918360,0,11,543.805481,344.383331,0.204000,0.068000,0.000000
1180,0,1180,37.918360,0,12,383.442657,379.964386,0.034000,0.102000,0.000000
1180,0,1180,37.918360,0,13,415.505615,378.510071,0.068000,0.102000,0.000000
1180,0,1180,37.918360,0,14,448.520081,378.458191,0.102000,0.102000,0.000000
1180,0,1180,37.918360,0,15,479.766144,377.775146,0.136000,0.102000,0.000000
1180,0,1180,37.918360,0,16,512.334412,377.313293,0.170000,0.102000,0.000000
1180,0,1180,37.918360,0,17,543.431335,377.140533,0.204000,0.102000,0.000000
1180,0,1180,37.918360,0,18,384.200012,411.274994,0.034000,0.136000,0.000000
1180,0,1180,37.918360,0,19,416.953674,410.568817,0.068000,0.136000,0.000000
1180,0,1180,37.918360,0,20,447.919495,409.348511,0.102000,0.136000,0.000000
1180,0,1180,37.918360,0,21,480.565704,410.009796,0.136000,0.136000,0.000000
1180,0,1180,37.918360,0,22,511.844238,408.606201,0.170000,0.136000,0.000000
1180,0,1180,37.918360,0,23,545.227905,407.971039,0.204000,0.136000,0.000000
1180,1,1180,37.918360,0,0,1335.106201,463.683594,0.034000,0.034000,0.000000
1180,1,1180,37.918360,0,3,1432.528442,467.495789,0.136000,0.034000,0.000000
1180,1,1180,37.918360,0,4,1465.392334,469.294586,0.170000,0.034000,0.000000
1180,1,1180,37.918360,0,5,1496.901245,471.437622,0.204000,0.034000,0.000000
1180,1,1180,37.918360,0,6,1334.288452,498.474945,0.034000,0.068000,0.000000
1180,1,1180,37.918360,0,9,1431.360596,502.665527,0.136000,0.068000,0.000000
1180,1,1180,37.918360,0,10,1463.562500,503.749054,0.170000,0.068000,0.000000
1180,1,1180,37.918360,0,11,1495.460693,504.679291,0.204000,0.068000,0.000000
1180,1,1180,37.918360,0,12,1331.424438,533.765442,0.034000,0.102000,0.000000
1180,1,1180,37.918360,0,13,1364.754028,534.274109,0.068000,0.102000,0.000000
1180,1,1180,37.918360,0,14,1397.931763,535.452820,0.102000,0.102000,0.000000
1180,1,1180,37.918360,0,15,1429.828613,537.231201,0.136000,0.102000,0.000000
1180,1,1180,37.918360,0,16,1461.853149,538.436401,0.170000,0.102000,0.000000
1180,1,1180,37.918360,0,17,1493.702515,539.559631,0.204000,0.102000,0.000000
1180,1,1180,37.918360,0,18,1330.074951,567.239014,0.034000,0.136000,0.000000
1180,1,1180,37.918360,0,19,1363.402466,568.979614,0.068000,0.136000,0.000000
1180,1,1180,37.918360,0,20,1395.228027,569.648315,0.102000,0.136000,0.000000
1180,1,1180,37.918360,0,21,1428.539307,571.565613,0.136000,0.136000,0.000000
1180,1,1180,37.918360,0,22,1459.304565,571.759399,0.170000,0.136000,0.000000
1180,1,1180,37.918360,0,23,1492.514282,573.311584,0.204000,0.136000,0.000000
1185,0,1185,38.079031,0,2,458.324921,311.554962,0.102000,0.034000,0.000000
1185,0,1185,38.079031,0,5,553.433350,311.599854,0.204000,0.034000,0.000000
1185,0,1185,38.079031,0,11,554.184326,342.413940,0.204000,0.068000,0.000000
1185,0,1185,38.079031,0,16,522.591675,375.262085,0.170000,0.102000,0.000000
1185,0,1185,38.079031,0,18,394.373413,407.768829,0.034000,0.136000,0.000000
1185,0,1185,38.079031,0,21,490.655762,407.458466,0.136000,0.136000,0.000000
1185,0,1185,38.079031,0,22,521.637878,406.204987,0.170000,0.136000,0.000000
1185,1,1185,38.079031,0,2,1412.779175,463.986755,0.102000,0.034000,0.000000
1185,1,1185,38.079031,0,5,1507.699951,469.447662,0.204000,0.034000,0.000000
1185,1,1185,38.079031,0,11,1507.394653,502.765289,0.204000,0.068000,0.000000
1185,1,1185,38.079031,0,16,1473.389160,536.632141,0.170000,0.102000,0.000000
1185,1,1185,38.079031,0,18,1341.704956,564.210693,0.034000,0.136000,0.000000
1185,1,1185,38.079031,0,21,1439.412476,569.861938,0.136000,0.136000,0.000000
1185,1,1185,38.079031,0,22,1470.516235,570.347046,0.170000,0.136000,0.000000
1255,0,1255,40.328426,0,5,762.061279,110.002731,0.204000,0.034000,0.000000
1255,0,1255,40.328426,0,6,598.813782,133.816635,0.034000,0.068000,0.000000
1255,0,1255,40.328426,0,12,596.428467,165.796753,0.034000,0.102000,0.000000
1255,0,1255,40.328426,0,18,594.983826,195.502640,0.034000,0.136000,0.000000
1255,1,1255,40.328426,0,5,1739.873291,275.561035,0.204000,0.034000,0.000000
1255,1,1255,40.328426,0,6,1586.643433,288.126801,0.034000,0.068000,0.000000
1255,1,1255,40.328426,0,12,1584.949585,322.165955,0.034000,0.102000,0.000000
1255,1,1255,40.328426,0,18,1585.841064,354.616669,0.034000,0.136000,0.000000
1260,0,1260,40.489097,0,3,694.694458,102.930481,0.136000,0.034000,0.000000
1260,0,1260,40.489097,0,4,727.006409,105.260513,0.170000,0.034000,0.000000
1260,0,1260,40.489097,0,5,759.377563,106.757530,0.204000,0.034000,0.000000
1260,0,1260,40.489097,0,12,593.726929,160.391586,0.034000,0.102000,0.000000
1260,0,1260,40.489097,0,18,592.161377,190.756882,0.034000,0.136000,0.000000
1260,0,1260,40.489097,0,21,691.225586,196.934296,0.136000,0.136000,0.000000
1260,1,1260,40.489097,0,3,1672.968262,262.914032,0.136000,0.034000,0.000000
1260,1,1260,40.489097,0,4,1703.465698,267.821716,0.170000,0.034000,0.000000
1260,1,1260,40.489097,0,5,1733.730103,272.910706,0.204000,0.034000,0.000000
1260,1,1260,40.489097,0,12,1579.550903,316.023926,0.034000,0.102000,0.000000
1260,1,1260,40.489097,0,18,1579.385620,349.156952,0.034000,0.136000,0.000000
1260,1,1260,40.489097,0,21,1674.377441,362.426636,0.136000,0.136000,0.000000
1265,0,1265,40.649768,0,2,672.248108,108.611519,0.102000,0.034000,0.000000
1265,0,1265,40.649768,0,8,670.325867,140.466385,0.102000,0.068000,0.000000
1265,0,1265,40.649768,0,14,668.218628,170.875519,0.102000,0.102000,0.000000
1265,0,1265,40.649768,0,15,699.716492,173.455704,0.136000,0.102000,0.000000
1265,0,1265,40.649768,0,16,732.466797,176.383286,0.170000,0.102000,0.000000
1265,0,1265,40.649768,0,17,763.918701,178.727753,0.204000,0.102000,0.000000
1265,0,1265,40.649768,0,20,665.248779,202.101044,0.102000,0.136000,0.000000
1265,0,1265,40.649768,0,21,698.340759,205.253815,0.136000,0.136000,0.000000
1265,1,1265,40.649768,0,2,1650.230469,265.636353,0.102000,0.034000,0.000000
1265,1,1265,40.649768,0,8,1650.184082,300.063843,0.102000,0.068000,0.000000
1265,1,1265,40.649768,0,14,1648.223633,331.766022,0.102000,0.102000,0.000000
1265,1,1265,40.649768,0,15,1678.508179,336.810822,0.136000,0.102000,0.000000
1265,1,1265,40.649768,0,16,1709.798096,341.912628,0.170000,0.102000,0.000000
1265,1,1265,40.649768,0,17,1738.514282,347.314941,0.204000,0.102000,0.000000
1265,1,1265,40.649768,0,20,1646.052490,364.254761,0.102000,0.136000,0.000000
1265,1,1265,40.649768,0,21,1678.428223,370.095734,0.136000,0.136000,0.000000
1310,0,1310,42.095807,0,21,247.893265,200.439026,0.136000,0.136000,0.000000
1310,1,1310,42.095807,0,21,1057.677979,302.018219,0.136000,0.136000,0.000000
1330,0,1330,42.738491,0,16,324.715546,153.410538,0.170000,0.102000,0.000000
1330,0,1330,42.738491,0,17,348.514465,154.056305,0.204000,0.102000,0.000000
1330,1,1330,42.738491,0,16,1140.049316,255.875381,0.170000,0.102000,0.000000
1330,1,1330,42.738491,0,17,1168.704590,258.816437,0.204000,0.102000,0.000000
1340,0,1340,43.059833,0,12,221.513367,154.669235,0.034000,0.102000,0.000000
1340,1,1340,43.059833,0,6,1033.272827,219.409714,0.034000,0.068000,0.000000
1340,1,1340,43.059833,0,12,1028.767090,247.791840,0.034000,0.102000,0.000000
1360,0,1360,43.702517,0,5,293.429657,89.059540,0.204000,0.034000,0.000000
1360,1,1360,43.702517,0,5,1129.326416,186.749527,0.204000,0.034000,0.000000
1895,0,1895,60.894316,0,9,669.125610,257.624908,0.136000,0.068000,0.000000
1895,0,1895,60.894316,0,12,557.000916,286.770081,0.034000,0.102000,0.000000
1895,0,1895,60.894316,0,15,668.836487,294.746033,0.136000,0.102000,0.000000
1895,0,1895,60.894316,0,21,668.736328,333.326843,0.136000,0.136000,0.000000
1895,0,1895,60.894316,0,22,704.297913,335.312164,0.170000,0.136000,0.000000
1895,1,1895,60.894316,0,9,1803.391724,453.809326,0.136000,0.068000,0.000000
1895,1,1895,60.894316,0,12,1721.364868,483.214844,0.034000,0.102000,0.000000
1895,1,1895,60.894316,0,15,1804.283691,494.258698,0.136000,0.102000,0.000000
1895,1,1895,60.894316,0,21,1803.713135,534.964355,0.136000,0.136000,0.000000
1895,1,1895,60.894316,0,22,1829.367310,537.943970,0.170000,0.136000,0.000000
1900,0,1900,61.054987,0,12,561.277832,285.328369,0.034000,0.102000,0.000000
1900,1,1900,61.054987,0,12,1732.464966,483.767700,0.034000,0.102000,0.000000
1905,0,1905,61.215658,0,15,680.517029,291.365448,0.136000,0.102000,0.000000
1905,0,1905,61.215658,0,16,717.396667,294.235901,0.170000,0.102000,0.000000
1905,1,1905,61.215658,0,15,1836.998169,494.630341,0.136000,0.102000,0.000000
1905,1,1905,61.215658,0,16,1865.289307,497.828979,0.170000,0.102000,0.000000
1910,0,1910,61.376329,0,12,568.242920,283.155121,0.034000,0.102000,0.000000
1910,0,1910,61.376329,0,13,607.622498,285.626038,0.068000,0.102000,0.000000
1910,0,1910,61.376329,0,18,567.323914,323.408325,0.034000,0.136000,0.000000
1910,0,1910,61.376329,0,19,607.308350,325.580719,0.068000,0.136000,0.000000
1910,1,1910,61.376329,0,12,1761.672729,485.965851,0.034000,0.102000,0.000000
1910,1,1910,61.376329,0,13,1792.947510,489.020447,0.068000,0.102000,0.000000
1910,1,1910,61.376329,0,18,1761.349487,528.705444,0.034000,0.136000,0.000000
1910,1,1910,61.376329,0,19,1792.325684,531.698853,0.068000,0.136000,0.000000
2210,0,2210,71.016590,0,6,432.400421,214.690247,0.034000,0.068000,0.000000
2210,0,2210,71.016590,0,12,436.287811,239.417557,0.034000,0.102000,0.000000
2210,0,2210,71.016590,0,13,460.366211,233.645096,0.068000,0.102000,0.000000
2210,0,2210,71.016590,0,20,489.380798,253.763123,0.102000,0.136000,0.000000
2210,0,2210,71.016590,0,21,514.800476,249.734436,0.136000,0.136000,0.000000
2210,1,2210,71.016590,0,6,1194.355347,320.330048,0.034000,0.068000,0.000000
2210,1,2210,71.016590,0,12,1196.418335,348.174652,0.034000,0.102000,0.000000
2210,1,2210,71.016590,0,13,1221.220703,342.547241,0.068000,0.102000,0.000000
2210,1,2210,71.016590,0,20,1249.765381,366.892303,0.102000,0.136000,0.000000
2210,1,2210,71.016590,0,21,1276.114014,363.714020,0.136000,0.136000,0.000000
2220,0,2220,71.337932,0,6,443.318481,200.029266,0.034000,0.068000,0.000000
2220,0,2220,71.337932,0,12,444.147552,226.141571,0.034000,0.102000,0.000000
2220,1,2220,71.337932,0,6,1210.105713,306.169464,0.034000,0.068000,0.000000
2220,1,2220,71.337932,0,12,1209.546997,334.139160,0.034000,0.102000,0.000000
3120,0,3120,100.258716,0,17,114.169594,90.402023,0.204000,0.102000,0.000000
3120,1,3120,100.258716,0,17,1060.302979,196.717606,0.204000,0.102000,0.000000
3190,0,3190,102.508110,0,11,131.013657,81.145561,0.204000,0.068000,0.000000
3190,0,3190,102.508110,0,16,100.646141,116.817589,0.170000,0.102000,0.000000
3190,0,3190,102.508110,0,22,102.932312,148.392853,0.170000,0.136000,0.000000
3190,1,3190,102.508110,0,11,1100.461914,191.069305,0.204000,0.068000,0.000000
3190,1,3190,102.508110,0,16,1063.482422,227.939819,0.170000,0.102000,0.000000
3190,1,3190,102.508110,0,22,1061.099121,262.929779,0.170000,0.136000,0.000000
3215,0,3215,103.311465,0,23,149.303146,167.607742,0.204000,0.136000,0.000000
3215,1,3215,103.311465,0,23,1111.403076,287.523956,0.204000,0.136000,0.000000
3235,0,3235,103.954149,0,21,91.412766,174.804916,0.136000,0.136000,0.000000
3235,0,3235,103.954149,0,22,123.749550,175.738342,0.170000,0.136000,0.000000
3235,1,3235,103.954149,0,21,1058.298462,293.420227,0.136000,0.136000,0.000000
3235,1,3235,103.954149,0,22,1093.287964,297.325195,0.170000,0.136000,0.000000
3250,0,3250,104.436162,0,23,211.295883,196.694778,0.204000,0.136000,0.000000
3250,1,3250,104.436162,0,23,1197.504395,329.166168,0.204000,0.136000,0.000000
3265,0,3265,104.918175,0,5,293.227020,125.466408,0.204000,0.034000,0.000000
3265,1,3265,104.918175,0,5,1308.164429,260.015198,0.204000,0.034000,0.000000
3275,0,3275,105.239517,0,9,273.359680,166.558975,0.136000,0.068000,0.000000
3275,0,3275,105.239517,0,10,307.961365,168.899811,0.170000,0.068000,0.000000
3275,0,3275,105.239517,0,11,343.321777,171.970062,0.204000,0.068000,0.000000
3275,0,3275,105.239517,0,15,271.434753,200.833313,0.136000,0.102000,0.000000
3275,0,3275,105.239517,0,16,306.292419,204.188416,0.170000,0.102000,0.000000
3275,0,3275,105.239517,0,17,340.385834,206.768356,0.204000,0.102000,0.000000
3275,0,3275,105.239517,0,21,269.484619,235.695236,0.136000,0.136000,0.000000
3275,0,3275,105.239517,0,22,303.907349,237.805679,0.170000,0.136000,0.000000
3275,0,3275,105.239517,0,23,339.262848,240.883789,0.204000,0.136000,0.000000
3275,1,3275,105.239517,0,9,1292.895020,304.821320,0.136000,0.068000,0.000000
3275,1,3275,105.239517,0,10,1327.290161,310.312897,0.170000,0.068000,0.000000
3275,1,3275,105.239517,0,11,1363.167114,316.117462,0.204000,0.068000,0.000000
3275,1,3275,105.239517,0,15,1286.650024,342.531067,0.136000,0.102000,0.000000
3275,1,3275,105.239517,0,16,1321.592041,348.075165,0.170000,0.102000,0.000000
3275,1,3275,105.239517,0,17,1356.365967,353.247864,0.204000,0.102000,0.000000
3275,1,3275,105.239517,0,21,1280.650391,379.612579,0.136000,0.136000,0.000000
3275,1,3275,105.239517,0,22,1316.067871,385.055847,0.170000,0.136000,0.000000
3275,1,3275,105.239517,0,23,1352.178345,389.733307,0.204000,0.136000,0.000000
3280,0,3280,105.400188,0,0,184.475555,123.686691,0.034000,0.034000,0.000000
3280,0,3280,105.400188,0,5,359.781464,137.731689,0.204000,0.034000,0.000000
3280,0,3280,105.400188,0,11,359.566833,172.868439,0.204000,0.068000,0.000000
3280,0,3280,105.400188,0,12,181.308960,193.713974,0.034000,0.102000,0.000000
3280,0,3280,105.400188,0,13,217.154556,196.060699,0.068000,0.102000,0.000000
3280,0,3280,105.400188,0,15,287.052002,202.029129,0.136000,0.102000,0.000000
3280,0,3280,105.400188,0,16,322.322571,205.426590,0.170000,0.102000,0.000000
3280,0,3280,105.400188,0,17,356.465454,207.831039,0.204000,0.102000,0.000000
3280,0,3280,105.400188,0,18,179.821823,227.613495,0.034000,0.136000,0.000000
3280,0,3280,105.400188,0,19,215.646729,231.011581,0.068000,0.136000,0.000000
3280,0,3280,105.400188,0,20,249.696106,233.267227,0.102000,0.136000,0.000000
3280,0,3280,105.400188,0,21,285.436432,237.262726,0.136000,0.136000,0.000000
3280,0,3280,105.400188,0,22,319.641266,239.389771,0.170000,0.136000,0.000000
3280,0,3280,105.400188,0,23,355.467834,242.679291,0.204000,0.136000,0.000000
3280,1,3280,105.400188,0,0,1211.481323,253.861023,0.034000,0.034000,0.000000
3280,1,3280,105.400188,0,5,1389.697754,282.232697,0.204000,0.034000,0.000000
3280,1,3280,105.400188,0,6,1206.348633,291.222809,0.034000,0.068000,0.000000
3280,1,3280,105.400188,0,11,1384.827515,319.469696,0.204000,0.068000,0.000000
3280,1,3280,105.400188,0,12,1200.524170,329.422516,0.034000,0.102000,0.000000
3280,1,3280,105.400188,0,13,1236.259277,334.479279,0.068000,0.102000,0.000000
3280,1,3280,105.400188,0,15,1308.468140,345.946655,0.136000,0.102000,0.000000
3280,1,3280,105.400188,0,16,1343.724243,351.355438,0.170000,0.102000,0.000000
3280,1,3280,105.400188,0,17,1378.340332,356.716370,0.204000,0.102000,0.000000
3280,1,3280,105.400188,0,18,1194.764038,366.747589,0.034000,0.136000,0.000000
3280,1,3280,105.400188,0,19,1231.146606,372.323792,0.068000,0.136000,0.000000
3280,1,3280,105.400188,0,20,1266.164185,377.033875,0.102000,0.136000,0.000000
3280,1,3280,105.400188,0,21,1302.867188,383.234436,0.136000,0.136000,0.000000
3280,1,3280,105.400188,0,22,1336.967285,387.483734,0.170000,0.136000,0.000000
3280,1,3280,105.400188,0,23,1373.620728,393.493927,0.204000,0.136000,0.000000
3285,0,3285,105.560859,0,3,299.668793,130.514725,0.136000,0.034000,0.000000
3285,0,3285,105.560859,0,4,335.665192,134.441681,0.170000,0.034000,0.000000
3285,0,3285,105.560859,0,5,370.699219,137.346680,0.204000,0.034000,0.000000
3285,0,3285,105.560859,0,9,297.451935,167.296448,0.136000,0.068000,0.000000
3285,0,3285,105.560859,0,10,332.672852,168.583008,0.170000,0.068000,0.000000
3285,0,3285,105.560859,0,11,369.308868,172.367767,0.204000,0.068000,0.000000
3285,0,3285,105.560859,0,12,188.613144,192.863678,0.034000,0.102000,0.000000
3285,0,3285,105.560859,0,13,225.376450,195.452194,0.068000,0.102000,0.000000
3285,0,3285,105.560859,0,14,261.434357,198.400040,0.102000,0.102000,0.000000
3285,0,3285,105.560859,0,15,296.534424,201.744415,0.136000,0.102000,0.000000
3285,0,3285,105.560859,0,16,332.009064,204.791656,0.170000,0.102000,0.000000
3285,0,3285,105.560859,0,17,366.492371,207.677612,0.204000,0.102000,0.000000
3285,0,3285,105.560859,0,18,188.008057,227.460556,0.034000,0.136000,0.000000
3285,0,3285,105.560859,0,19,223.771820,230.589813,0.068000,0.136000,0.000000
3285,0,3285,105.560859,0,20,259.123657,233.461716,0.102000,0.136000,0.000000
3285,0,3285,105.560859,0,21,295.080872,236.683563,0.136000,0.136000,0.000000
3285,0,3285,105.560859,0,22,329.815125,239.703812,0.170000,0.136000,0.000000
3285,0,3285,105.560859,0,23,365.405487,242.435760,0.204000,0.136000,0.000000
3285,1,3285,105.560859,0,3,1340.233643,272.222839,0.136000,0.034000,0.000000
3285,1,3285,105.560859,0,4,1375.371582,278.394501,0.170000,0.034000,0.000000
3285,1,3285,105.560859,0,5,1410.478149,283.398010,0.204000,0.034000,0.000000
3285,1,3285,105.560859,0,9,1333.755493,310.179321,0.136000,0.068000,0.000000
3285,1,3285,105.560859,0,10,1368.901978,314.685455,0.170000,0.068000,0.000000
3285,1,3285,105.560859,0,11,1405.123413,321.292938,0.204000,0.068000,0.000000
3285,1,3285,105.560859,0,12,1219.655640,331.266327,0.034000,0.102000,0.000000
3285,1,3285,105.560859,0,13,1257.221680,336.963623,0.068000,0.102000,0.000000
3285,1,3285,105.560859,0,14,1293.414673,341.865570,0.102000,0.102000,0.000000
3285,1,3285,105.560859,0,15,1328.384766,347.856506,0.136000,0.102000,0.000000
3285,1,3285,105.560859,0,16,1364.258789,353.225830,0.170000,0.102000,0.000000
3285,1,3285,105.560859,0,17,1398.582886,359.233826,0.204000,0.102000,0.000000
3285,1,3285,105.560859,0,18,1214.506226,368.880371,0.034000,0.136000,0.000000
3285,1,3285,105.560859,0,19,1251.112915,374.192047,0.068000,0.136000,0.000000
3285,1,3285,105.560859,0,20,1286.254395,379.493835,0.102000,0.136000,0.000000
3285,1,3285,105.560859,0,21,1322.362793,385.511353,0.136000,0.136000,0.000000
3285,1,3285,105.560859,0,22,1356.680908,390.015656,0.170000,0.136000,0.000000
3285,1,3285,105.560859,0,23,1392.954590,396.338318,0.204000,0.136000,0.000000
3290,0,3290,105.721530,0,6,202.985962,155.682037,0.034000,0.068000,0.000000
3290,0,3290,105.721530,0,12,200.320557,193.274734,0.034000,0.102000,0.000000
3290,1,3290,105.721530,0,6,1253.119873,295.382812,0.034000,0.068000,0.000000
3290,1,3290,105.721530,0,12,1246.954346,333.972565,0.034000,0.102000,0.000000
3295,0,3295,105.882201,0,0,218.000198,121.648163,0.034000,0.034000,0.000000
3295,0,3295,105.882201,0,3,328.688232,133.716049,0.136000,0.034000,0.000000
3295,0,3295,105.882201,0,4,365.099426,137.567459,0.170000,0.034000,0.000000
3295,0,3295,105.882201,0,5,401.174377,141.704346,0.204000,0.034000,0.000000
3295,0,3295,105.882201,0,6,215.309387,157.381424,0.034000,0.068000,0.000000
3295,0,3295,105.882201,0,9,325.958832,169.803055,0.136000,0.068000,0.000000
3295,0,3295,105.882201,0,10,361.718079,172.844849,0.170000,0.068000,0.000000
3295,0,3295,105.882201,0,11,398.465210,177.365143,0.204000,0.068000,0.000000
3295,0,3295,105.882201,0,12,212.283493,195.059586,0.034000,0.102000,0.000000
3295,0,3295,105.882201,0,15,323.341888,205.434769,0.136000,0.102000,0.000000
3295,0,3295,105.882201,0,16,359.499756,209.589218,0.170000,0.102000,0.000000
3295,0,3295,105.882201,0,17,395.410675,213.058395,0.204000,0.102000,0.000000
3295,0,3295,105.882201,0,18,210.581085,229.697281,0.034000,0.136000,0.000000
3295,0,3295,105.882201,0,21,320.689331,241.507889,0.136000,0.136000,0.000000
3295,0,3295,105.882201,0,22,356.170563,244.181107,0.170000,0.136000,0.000000
3295,0,3295,105.882201,0,23,392.878998,248.545807,0.204000,0.136000,0.000000
3295,1,3295,105.882201,0,0,1284.311157,261.729828,0.034000,0.034000,0.000000
3295,1,3295,105.882201,0,3,1392.743408,281.526428,0.136000,0.034000,0.000000
3295,1,3295,105.882201,0,4,1428.440430,288.194672,0.170000,0.034000,0.000000
3295,1,3295,105.882201,0,5,1462.847534,294.502167,0.204000,0.034000,0.000000
3295,1,3295,105.882201,0,6,1279.051514,300.584747,0.034000,0.068000,0.000000
3295,1,3295,105.882201,0,9,1387.207031,320.126343,0.136000,0.068000,0.000000
3295,1,3295,105.882201,0,10,1422.247192,326.440094,0.170000,0.068000,0.000000
3295,1,3295,105.882201,0,11,1458.676270,331.901184,0.204000,0.068000,0.000000
3295,1,3295,105.882201,0,12,1271.917847,339.926056,0.034000,0.102000,0.000000
3295,1,3295,105.882201,0,15,1380.395020,358.127228,0.136000,0.102000,0.000000
3295,1,3295,105.882201,0,16,1416.585083,364.945465,0.170000,0.102000,0.000000
3295,1,3295,105.882201,0,17,1451.017944,371.192749,0.204000,0.102000,0.000000
3295,1,3295,105.882201,0,18,1265.794922,377.908325,0.034000,0.136000,0.000000
3295,1,3295,105.882201,0,21,1375.057739,397.328156,0.136000,0.136000,0.000000
3295,1,3295,105.882201,0,22,1409.984985,403.291199,0.170000,0.136000,0.000000
3295,1,3295,105.882201,0,23,1445.645630,408.905823,0.204000,0.136000,0.000000
3300,0,3300,106.042872,0,0,220.775864,120.196404,0.034000,0.034000,0.000000
3300,0,3300,106.042872,0,1,259.203552,123.333855,0.068000,0.034000,0.000000
3300,0,3300,106.042872,0,2,296.703613,127.368378,0.102000,0.034000,0.000000
3300,0,3300,106.042872,0,3,333.684906,131.617401,0.136000,0.034000,0.000000
3300,0,3300,106.042872,0,4,370.449768,135.705658,0.170000,0.034000,0.000000
3300,0,3300,106.042872,0,5,405.847504,138.515137,0.204000,0.034000,0.000000
3300,0,3300,106.042872,0,8,293.957214,164.126663,0.102000,0.068000,0.000000
3300,0,3300,106.042872,0,9,331.197357,167.935303,0.136000,0.068000,0.000000
3300,0,3300,106.042872,0,10,367.546021,171.532104,0.170000,0.068000,0.000000
3300,0,3300,106.042872,0,11,404.709229,175.172226,0.204000,0.068000,0.000000
3300,0,3300,106.042872,0,15,329.233887,204.528275,0.136000,0.102000,0.000000
3300,0,3300,106.042872,0,16,365.187683,208.062943,0.170000,0.102000,0.000000
3300,0,3300,106.042872,0,17,401.474365,211.497711,0.204000,0.102000,0.000000
3300,0,3300,106.042872,0,21,325.905823,240.740128,0.136000,0.136000,0.000000
3300,0,3300,106.042872,0,22,362.100433,243.223190,0.170000,0.136000,0.000000
3300,0,3300,106.042872,0,23,398.852692,247.500763,0.204000,0.136000,0.000000
3300,1,3300,106.042872,0,0,1299.335938,261.789551,0.034000,0.034000,0.000000
3300,1,3300,106.042872,0,1,1335.910522,268.335541,0.068000,0.034000,0.000000
3300,1,3300,106.042872,0,2,1371.783447,274.963165,0.102000,0.034000,0.000000
3300,1,3300,106.042872,0,3,1407.218018,281.397583,0.136000,0.034000,0.000000
3300,1,3300,106.042872,0,4,1442.833008,287.793030,0.170000,0.034000,0.000000
3300,1,3300,106.042872,0,5,1476.837524,293.591888,0.204000,0.034000,0.000000
3300,1,3300,106.042872,0,8,1366.207153,314.317322,0.102000,0.068000,0.000000
3300,1,3300,106.042872,0,9,1401.611938,320.369080,0.136000,0.068000,0.000000
3300,1,3300,106.042872,0,10,1436.342651,326.275299,0.170000,0.068000,0.000000
3300,1,3300,106.042872,0,11,1471.788696,332.588776,0.204000,0.068000,0.000000
3300,1,3300,106.042872,0,15,1395.554688,359.321686,0.136000,0.102000,0.000000
3300,1,3300,106.042872,0,16,1430.484497,365.556458,0.170000,0.102000,0.000000
3300,1,3300,106.042872,0,17,1465.306030,371.359039,0.204000,0.102000,0.000000
3300,1,3300,106.042872,0,21,1389.335205,398.438507,0.136000,0.136000,0.000000
3300,1,3300,106.042872,0,22,1424.464111,403.734680,0.170000,0.136000,0.000000
3300,1,3300,106.042872,0,23,1460.018799,409.458160,0.204000,0.136000,0.000000
3305,0,3305,106.203543,0,0,220.786469,112.747742,0.034000,0.034000,0.000000
3305,0,3305,106.203543,0,3,334.153687,123.891022,0.136000,0.034000,0.000000
3305,0,3305,106.203543,0,4,370.601501,128.338715,0.170000,0.034000,0.000000
3305,0,3305,106.203543,0,5,408.361267,131.326553,0.204000,0.034000,0.000000
3305,0,3305,106.203543,0,6,219.161179,149.322830,0.034000,0.068000,0.000000
3305,0,3305,106.203543,0,9,331.448669,161.168884,0.136000,0.068000,0.000000
3305,0,3305,106.203543,0,10,368.702209,164.185074,0.170000,0.068000,0.000000
3305,0,3305,106.203543,0,11,406.773407,166.865356,0.204000,0.068000,0.000000
3305,0,3305,106.203543,0,12,217.439148,186.814529,0.034000,0.102000,0.000000
3305,0,3305,106.203543,0,13,254.760300,190.156464,0.068000,0.102000,0.000000
3305,0,3305,106.203543,0,15,330.105896,197.546967,0.136000,0.102000,0.000000
3305,0,3305,106.203543,0,16,366.912994,201.356949,0.170000,0.102000,0.000000
3305,0,3305,106.203543,0,17,403.446777,204.305405,0.204000,0.102000,0.000000
3305,0,3305,106.203543,0,18,215.310257,223.321945,0.034000,0.136000,0.000000
3305,0,3305,106.203543,0,19,252.988052,227.526306,0.068000,0.136000,0.000000
3305,0,3305,106.203543,0,20,290.568634,230.419006,0.102000,0.136000,0.000000
3305,0,3305,106.203543,0,21,327.799194,234.208923,0.136000,0.136000,0.000000
3305,0,3305,106.203543,0,22,364.612213,237.299667,0.170000,0.136000,0.000000
3305,0,3305,106.203543,0,23,402.081451,240.188278,0.204000,0.136000,0.000000
3305,1,3305,106.203543,0,3,1418.352783,275.077179,0.136000,0.034000,0.000000
3305,1,3305,106.203543,0,4,1452.871704,281.949127,0.170000,0.034000,0.000000
3305,1,3305,106.203543,0,5,1488.829224,287.772430,0.204000,0.034000,0.000000
3305,1,3305,106.203543,0,6,1303.370728,295.944550,0.034000,0.068000,0.000000
3305,1,3305,106.203543,0,9,1412.363159,314.525360,0.136000,0.068000,0.000000
3305,1,3305,106.203543,0,10,1447.591675,319.955566,0.170000,0.068000,0.000000
3305,1,3305,106.203543,0,11,1483.521606,326.088501,0.204000,0.068000,0.000000
3305,1,3305,106.203543,0,12,1296.436157,336.236328,0.034000,0.102000,0.000000
3305,1,3305,106.203543,0,13,1333.636108,341.915894,0.068000,0.102000,0.000000
3305,1,3305,106.203543,0,15,1406.438843,353.825470,0.136000,0.102000,0.000000
3305,1,3305,106.203543,0,16,1441.554321,359.803619,0.170000,0.102000,0.000000
3305,1,3305,106.203543,0,17,1476.743774,365.543579,0.204000,0.102000,0.000000
3305,1,3305,106.203543,0,18,1290.932617,375.512726,0.034000,0.136000,0.000000
3305,1,3305,106.203543,0,19,1328.057129,381.283752,0.068000,0.136000,0.000000
3305,1,3305,106.203543,0,20,1363.864746,387.235840,0.102000,0.136000,0.000000
3305,1,3305,106.203543,0,21,1400.374512,393.028778,0.136000,0.136000,0.000000
3305,1,3305,106.203543,0,22,1435.371704,398.441193,0.170000,0.136000,0.000000
3305,1,3305,106.203543,0,23,1471.524536,404.060425,0.204000,0.136000,0.000000
3320,0,3320,106.685556,0,4,450.353241,116.482452,0.170000,0.034000,0.000000
3320,0,3320,106.685556,0,5,487.540192,117.069420,0.204000,0.034000,0.000000
3320,0,3320,106.685556,0,9,413.811371,151.577560,0.136000,0.068000,0.000000
3320,0,3320,106.685556,0,18,301.829346,222.359009,0.034000,0.136000,0.000000
3320,0,3320,106.685556,0,19,339.287628,223.632385,0.068000,0.136000,0.000000
3320,0,3320,106.685556,0,20,376.481201,224.763092,0.102000,0.136000,0.000000
3320,0,3320,106.685556,0,23,487.457489,228.284271,0.204000,0.136000,0.000000
3320,1,3320,106.685556,0,4,1546.622925,277.198120,0.170000,0.034000,0.000000
3320,1,3320,106.685556,0,5,1581.388062,280.296722,0.204000,0.034000,0.000000
3320,1,3320,106.685556,0,9,1506.636230,313.033966,0.136000,0.068000,0.000000
3320,1,3320,106.685556,0,14,1466.968140,348.777435,0.102000,0.102000,0.000000
3320,1,3320,106.685556,0,18,1389.089722,381.589478,0.034000,0.136000,0.000000
3320,1,3320,106.685556,0,19,1425.652954,385.673706,0.068000,0.136000,0.000000
3320,1,3320,106.685556,0,20,1462.494019,387.920502,0.102000,0.136000,0.000000
3320,1,3320,106.685556,0,23,1570.911499,399.144592,0.204000,0.136000,0.000000
3325,0,3325,106.846227,0,2,400.527832,111.313271,0.102000,0.034000,0.000000
3325,0,3325,106.846227,0,3,437.529114,112.705795,0.136000,0.034000,0.000000
3325,0,3325,106.846227,0,6,325.469818,144.582260,0.034000,0.068000,0.000000
3325,0,3325,106.846227,0,7,363.539337,145.570129,0.068000,0.068000,0.000000
3325,0,3325,106.846227,0,8,399.730377,148.452103,0.102000,0.068000,0.000000
3325,0,3325,106.846227,0,9,437.430908,149.448410,0.136000,0.068000,0.000000
3325,0,3325,106.846227,0,10,472.841797,151.361740,0.170000,0.068000,0.000000
3325,0,3325,106.846227,0,11,510.477905,153.290848,0.204000,0.068000,0.000000
3325,0,3325,106.846227,0,12,324.558655,181.896118,0.034000,0.102000,0.000000
3325,0,3325,106.846227,0,17,508.630585,190.245483,0.204000,0.102000,0.000000
3325,0,3325,106.846227,0,18,324.062836,218.481323,0.034000,0.136000,0.000000
3325,1,3325,106.846227,0,2,1495.233643,267.358337,0.102000,0.034000,0.000000
3325,1,3325,106.846227,0,3,1531.005493,273.004211,0.136000,0.034000,0.000000
3325,1,3325,106.846227,0,6,1416.067871,298.286133,0.034000,0.068000,0.000000
3325,1,3325,106.846227,0,7,1453.741821,302.404907,0.068000,0.068000,0.000000
3325,1,3325,106.846227,0,8,1490.201782,307.698212,0.102000,0.068000,0.000000
3325,1,3325,106.846227,0,9,1526.955933,311.459595,0.136000,0.068000,0.000000
3325,1,3325,106.846227,0,10,1562.388428,316.501495,0.170000,0.068000,0.000000
3325,1,3325,106.846227,0,11,1598.372437,320.479767,0.204000,0.068000,0.000000
3325,1,3325,106.846227,0,12,1411.089233,338.550049,0.034000,0.102000,0.000000
3325,1,3325,106.846227,0,17,1592.696777,359.870697,0.204000,0.102000,0.000000
3325,1,3325,106.846227,0,18,1406.578247,377.919342,0.034000,0.136000,0.000000
3330,0,3330,107.006898,0,0,332.285187,101.530373,0.034000,0.034000,0.000000
3330,0,3330,107.006898,0,1,370.093262,102.313278,0.068000,0.034000,0.000000
3330,0,3330,107.006898,0,2,405.922577,104.734428,0.102000,0.034000,0.000000
3330,0,3330,107.006898,0,3,443.461487,105.300240,0.136000,0.034000,0.000000
3330,0,3330,107.006898,0,4,480.085052,107.318954,0.170000,0.034000,0.000000
3330,0,3330,107.006898,0,5,516.267273,107.764450,0.204000,0.034000,0.000000
3330,0,3330,107.006898,0,6,332.464050,138.111206,0.034000,0.068000,0.000000
3330,0,3330,107.006898,0,8,405.845093,140.558960,0.102000,0.068000,0.000000
3330,0,3330,107.006898,0,9,443.231537,142.336029,0.136000,0.068000,0.000000
3330,0,3330,107.006898,0,10,478.839752,143.297333,0.170000,0.068000,0.000000
3330,0,3330,107.006898,0,11,516.100525,145.099884,0.204000,0.068000,0.000000
3330,0,3330,107.006898,0,12,331.281067,175.875809,0.034000,0.102000,0.000000
3330,0,3330,107.006898,0,13,368.710052,176.414703,0.068000,0.102000,0.000000
3330,0,3330,107.006898,0,14,405.324036,178.188461,0.102000,0.102000,0.000000
3330,0,3330,107.006898,0,15,442.549683,179.512070,0.136000,0.102000,0.000000
3330,0,3330,107.006898,0,16,479.244873,180.410431,0.170000,0.102000,0.000000
3330,0,3330,107.006898,0,17,515.344177,182.046356,0.204000,0.102000,0.000000
3330,0,3330,107.006898,0,18,331.261505,211.553375,0.034000,0.136000,0.000000
3330,0,3330,107.006898,0,19,368.640686,213.265839,0.068000,0.136000,0.000000
3330,0,3330,107.006898,0,20,404.255402,213.503052,0.102000,0.136000,0.000000
3330,0,3330,107.006898,0,21,441.701874,216.126480,0.136000,0.136000,0.000000
3330,0,3330,107.006898,0,22,477.349854,216.502380,0.170000,0.136000,0.000000
3330,0,3330,107.006898,0,23,514.748901,218.357407,0.204000,0.136000,0.000000
3330,1,3330,107.006898,0,0,1422.853394,251.678543,0.034000,0.034000,0.000000
3330,1,3330,107.006898,0,1,1460.409058,255.736298,0.068000,0.034000,0.000000
3330,1,3330,107.006898,0,2,1496.829590,260.036926,0.102000,0.034000,0.000000
3330,1,3330,107.006898,0,3,1533.212402,264.587128,0.136000,0.034000,0.000000
3330,1,3330,107.006898,0,4,1568.574097,269.242401,0.170000,0.034000,0.000000
3330,1,3330,107.006898,0,5,1604.302002,272.623993,0.204000,0.034000,0.000000
3330,1,3330,107.006898,0,6,1419.347778,291.195679,0.034000,0.068000,0.000000
3330,1,3330,107.006898,0,7,1457.240479,294.839630,0.068000,0.068000,0.000000
3330,1,3330,107.006898,0,8,1493.051636,299.748901,0.102000,0.068000,0.000000
3330,1,3330,107.006898,0,9,1529.425293,303.434998,0.136000,0.068000,0.000000
3330,1,3330,107.006898,0,10,1564.919678,307.502563,0.170000,0.068000,0.000000
3330,1,3330,107.006898,0,11,1601.451294,311.395996,0.204000,0.068000,0.000000
3330,1,3330,107.006898,0,12,1414.575684,330.728455,0.034000,0.102000,0.000000
3330,1,3330,107.006898,0,13,1451.859375,334.912262,0.068000,0.102000,0.000000
3330,1,3330,107.006898,0,14,1489.238281,338.321228,0.102000,0.102000,0.000000
3330,1,3330,107.006898,0,15,1524.790527,342.502625,0.136000,0.102000,0.000000
3330,1,3330,107.006898,0,16,1561.118896,346.715057,0.170000,0.102000,0.000000
3330,1,3330,107.006898,0,17,1596.515991,350.928406,0.204000,0.102000,0.000000
3330,1,3330,107.006898,0,18,1410.289429,370.349274,0.034000,0.136000,0.000000
3330,1,3330,107.006898,0,19,1447.224976,374.487152,0.068000,0.136000,0.000000
3330,1,3330,107.006898,0,20,1483.998047,377.475769,0.102000,0.136000,0.000000
3330,1,3330,107.006898,0,21,1520.871948,381.954559,0.136000,0.136000,0.000000
3330,1,3330,107.006898,0,22,1556.309448,385.421356,0.170000,0.136000,0.000000
3330,1,3330,107.006898,0,23,1592.906128,389.321198,0.204000,0.136000,0.000000
3335,0,3335,107.167569,0,1,364.848694,96.930504,0.068000,0.034000,0.000000
3335,0,3335,107.167569,0,2,402.681976,97.684067,0.102000,0.034000,0.000000
3335,0,3335,107.167569,0,3,438.871918,98.650536,0.136000,0.034000,0.000000
3335,0,3335,107.167569,0,4,475.577515,99.552200,0.170000,0.034000,0.000000
3335,0,3335,107.167569,0,7,365.901947,133.686737,0.068000,0.068000,0.000000
3335,0,3335,107.167569,0,8,402.360138,134.868332,0.102000,0.068000,0.000000
3335,0,3335,107.167569,0,9,439.333832,135.476181,0.136000,0.068000,0.000000
3335,0,3335,107.167569,0,10,475.460083,136.004974,0.170000,0.068000,0.000000
3335,0,3335,107.167569,0,11,513.223206,135.986084,0.204000,0.068000,0.000000
3335,0,3335,107.167569,0,13,365.310822,170.786102,0.068000,0.102000,0.000000
3335,0,3335,107.167569,0,14,403.213623,171.212143,0.102000,0.102000,0.000000
3335,0,3335,107.167569,0,15,438.908234,171.982376,0.136000,0.102000,0.000000
3335,0,3335,107.167569,0,16,476.182129,172.572479,0.170000,0.102000,0.000000
3335,0,3335,107.167569,0,17,512.109619,173.455780,0.204000,0.102000,0.000000
3335,0,3335,107.167569,0,18,328.280975,206.879562,0.034000,0.136000,0.000000
3335,0,3335,107.167569,0,19,365.772675,208.097122,0.068000,0.136000,0.000000
3335,0,3335,107.167569,0,20,402.088806,207.832642,0.102000,0.136000,0.000000
3335,0,3335,107.167569,0,21,439.270691,209.355942,0.136000,0.136000,0.000000
3335,0,3335,107.167569,0,22,475.112976,209.132446,0.170000,0.136000,0.000000
3335,0,3335,107.167569,0,23,512.375366,210.015289,0.204000,0.136000,0.000000
3335,1,3335,107.167569,0,1,1459.054565,248.548981,0.068000,0.034000,0.000000
3335,1,3335,107.167569,0,2,1496.207886,251.675247,0.102000,0.034000,0.000000
3335,1,3335,107.167569,0,4,1567.959473,259.388641,0.170000,0.034000,0.000000
3335,1,3335,107.167569,0,8,1492.728149,291.528839,0.102000,0.068000,0.000000
3335,1,3335,107.167569,0,9,1529.173218,295.392761,0.136000,0.068000,0.000000
3335,1,3335,107.167569,0,10,1565.183960,298.338287,0.170000,0.068000,0.000000
3335,1,3335,107.167569,0,12,1415.462402,325.435303,0.034000,0.102000,0.000000
3335,1,3335,107.167569,0,13,1452.900391,328.309937,0.068000,0.102000,0.000000
3335,1,3335,107.167569,0,14,1490.286255,331.241699,0.102000,0.102000,0.000000
3335,1,3335,107.167569,0,15,1526.475220,334.582275,0.136000,0.102000,0.000000
3335,1,3335,107.167569,0,16,1562.752319,337.539185,0.170000,0.102000,0.000000
3335,1,3335,107.167569,0,17,1597.728149,340.806732,0.204000,0.102000,0.000000
3335,1,3335,107.167569,0,18,1412.351807,364.576324,0.034000,0.136000,0.000000
3335,1,3335,107.167569,0,19,1450.088135,367.722992,0.068000,0.136000,0.000000
3335,1,3335,107.167569,0,20,1486.288086,370.175049,0.102000,0.136000,0.000000
3335,1,3335,107.167569,0,21,1523.926270,374.112213,0.136000,0.136000,0.000000
3335,1,3335,107.167569,0,22,1558.927734,376.529205,0.170000,0.136000,0.000000
3400,0,3400,109.256293,0,0,248.482040,86.625168,0.034000,0.034000,0.000000
3400,0,3400,109.256293,0,1,286.212006,87.772293,0.068000,0.034000,0.000000
3400,0,3400,109.256293,0,3,360.686829,91.428413,0.136000,0.034000,0.000000
3400,0,3400,109.256293,0,6,248.332138,123.783607,0.034000,0.068000,0.000000
3400,0,3400,109.256293,0,7,286.359863,124.783028,0.068000,0.068000,0.000000
3400,0,3400,109.256293,0,10,396.766571,130.240814,0.170000,0.068000,0.000000
3400,0,3400,109.256293,0,12,247.247162,161.450317,0.034000,0.102000,0.000000
3400,0,3400,109.256293,0,17,432.805420,169.367737,0.204000,0.102000,0.000000
3400,0,3400,109.256293,0,18,246.773636,198.361206,0.034000,0.136000,0.000000
3400,0,3400,109.256293,0,21,358.584137,203.389069,0.136000,0.136000,0.000000
3400,0,3400,109.256293,0,22,394.777832,204.443970,0.170000,0.136000,0.000000
3400,1,3400,109.256293,0,0,1345.901489,229.459961,0.034000,0.034000,0.000000
3400,1,3400,109.256293,0,1,1385.442749,233.487091,0.068000,0.034000,0.000000
3400,1,3400,109.256293,0,3,1461.244629,242.756546,0.136000,0.034000,0.000000
3400,1,3400,109.256293,0,6,1342.794678,269.508453,0.034000,0.068000,0.000000
3400,1,3400,109.256293,0,12,1338.054565,309.844299,0.034000,0.102000,0.000000
3400,1,3400,109.256293,0,16,1490.218628,327.592865,0.170000,0.102000,0.000000
3400,1,3400,109.256293,0,17,1527.231201,332.115051,0.204000,0.102000,0.000000
3400,1,3400,109.256293,0,18,1333.128540,350.148193,0.034000,0.136000,0.000000
3400,1,3400,109.256293,0,21,1448.080078,363.412354,0.136000,0.136000,0.000000
3400,1,3400,109.256293,0,22,1485.115967,366.859100,0.170000,0.136000,0.000000
3405,0,3405,109.416964,0,0,245.817154,86.774208,0.034000,0.034000,0.000000
3405,0,3405,109.416964,0,1,283.695007,88.205971,0.068000,0.034000,0.000000
3405,0,3405,109.416964,0,4,394.933319,94.346359,0.170000,0.034000,0.000000
3405,0,3405,109.416964,0,5,432.532959,95.393913,0.204000,0.034000,0.000000
3405,0,3405,109.416964,0,6,245.467865,123.858002,0.034000,0.068000,0.000000
3405,0,3405,109.416964,0,7,283.213287,125.598915,0.068000,0.068000,0.000000
3405,0,3405,109.416964,0,8,320.669525,127.472221,0.102000,0.068000,0.000000
3405,0,3405,109.416964,0,9,357.421326,129.487869,0.136000,0.068000,0.000000
3405,0,3405,109.416964,0,10,394.699951,130.523529,0.170000,0.068000,0.000000
3405,0,3405,109.416964,0,11,431.555328,132.561752,0.204000,0.068000,0.000000
3405,0,3405,109.416964,0,12,245.191559,161.526443,0.034000,0.102000,0.000000
3405,0,3405,109.416964,0,13,282.582275,163.272903,0.068000,0.102000,0.000000
3405,0,3405,109.416964,0,15,356.580627,166.215637,0.136000,0.102000,0.000000
3405,0,3405,109.416964,0,16,394.197662,168.344604,0.170000,0.102000,0.000000
3405,0,3405,109.416964,0,17,430.672577,169.620041,0.204000,0.102000,0.000000
3405,0,3405,109.416964,0,18,243.897095,197.797150,0.034000,0.136000,0.000000
3405,0,3405,109.416964,0,19,282.216156,200.466278,0.068000,0.136000,0.000000
3405,0,3405,109.416964,0,20,318.527283,200.855072,0.102000,0.136000,0.000000
3405,0,3405,109.416964,0,21,356.129120,203.770508,0.136000,0.136000,0.000000
3405,0,3405,109.416964,0,22,392.740112,204.522202,0.170000,0.136000,0.000000
3405,0,3405,109.416964,0,23,430.419434,206.441772,0.204000,0.136000,0.000000
3405,1,3405,109.416964,0,0,1341.902222,230.177658,0.034000,0.034000,0.000000
3405,1,3405,109.416964,0,1,1379.703979,234.410858,0.068000,0.034000,0.000000
3405,1,3405,109.416964,0,4,1492.726929,248.446869,0.170000,0.034000,0.000000
3405,1,3405,109.416964,0,5,1529.308350,252.461136,0.204000,0.034000,0.000000
3405,1,3405,109.416964,0,6,1337.611084,270.777924,0.034000,0.068000,0.000000
3405,1,3405,109.416964,0,7,1375.777710,274.899780,0.068000,0.068000,0.000000
3405,1,3405,109.416964,0,8,1413.642090,279.061584,0.102000,0.068000,0.000000
3405,1,3405,109.416964,0,9,1450.825806,284.078888,0.136000,0.068000,0.000000
3405,1,3405,109.416964,0,10,1488.481567,287.882477,0.170000,0.068000,0.000000
3405,1,3405,109.416964,0,11,1525.629395,292.449280,0.204000,0.068000,0.000000
3405,1,3405,109.416964,0,12,1332.605103,311.072571,0.034000,0.102000,0.000000
3405,1,3405,109.416964,0,13,1371.475342,315.140015,0.068000,0.102000,0.000000
3405,1,3405,109.416964,0,14,1409.551514,319.442383,0.102000,0.102000,0.000000
3405,1,3405,109.416964,0,15,1447.427612,323.760284,0.136000,0.102000,0.000000
3405,1,3405,109.416964,0,16,1485.137817,327.619812,0.170000,0.102000,0.000000
3405,1,3405,109.416964,0,17,1521.224609,332.660492,0.204000,0.102000,0.000000
3405,1,3405,109.416964,0,18,1328.536011,350.789459,0.034000,0.136000,0.000000
3405,1,3405,109.416964,0,19,1366.450439,355.722046,0.068000,0.136000,0.000000
3405,1,3405,109.416964,0,20,1404.375122,358.690033,0.102000,0.136000,0.000000
3405,1,3405,109.416964,0,21,1443.009888,363.076965,0.136000,0.136000,0.000000
3405,1,3405,109.416964,0,22,1479.407837,367.423889,0.170000,0.136000,0.000000
3405,1,3405,109.416964,0,23,1517.051392,371.347900,0.204000,0.136000,0.000000
